sitename,lon,lat,file,2000-01-15,2000-02-15,2000-03-15,2000-04-15,2000-05-15,2000-06-15,2000-07-15,2000-08-15,2000-09-15,2000-10-15,2000-11-15,2000-12-15,2001-01-15,2001-02-15,2001-03-15,2001-04-15,2001-05-15,2001-06-15,2001-07-15,2001-08-15,2001-09-15,2001-10-15,2001-11-15,2001-12-15,2002-01-15,2002-02-15,2002-03-15,2002-04-15,2002-05-15,2002-06-15,2002-07-15,2002-08-15,2002-09-15,2002-10-15,2002-11-15,2002-12-15,2003-01-15,2003-02-15,2003-03-15,2003-04-15,2003-05-15,2003-06-15,2003-07-15,2003-08-15,2003-09-15,2003-10-15,2003-11-15,2003-12-15,2004-01-15,2004-02-15,2004-03-15,2004-04-15,2004-05-15,2004-06-15,2004-07-15,2004-08-15,2004-09-15,2004-10-15,2004-11-15,2004-12-15,2005-01-15,2005-02-15,2005-03-15,2005-04-15,2005-05-15,2005-06-15,2005-07-15,2005-08-15,2005-09-15,2005-10-15,2005-11-15,2005-12-15,2006-01-15,2006-02-15,2006-03-15,2006-04-15,2006-05-15,2006-06-15,2006-07-15,2006-08-15,2006-09-15,2006-10-15,2006-11-15,2006-12-15,2007-01-15,2007-02-15,2007-03-15,2007-04-15,2007-05-15,2007-06-15,2007-07-15,2007-08-15,2007-09-15,2007-10-15,2007-11-15,2007-12-15,2008-01-15,2008-02-15,2008-03-15,2008-04-15,2008-05-15,2008-06-15,2008-07-15,2008-08-15,2008-09-15,2008-10-15,2008-11-15,2008-12-15,2009-01-15,2009-02-15,2009-03-15,2009-04-15,2009-05-15,2009-06-15,2009-07-15,2009-08-15,2009-09-15,2009-10-15,2009-11-15,2009-12-15,2010-01-15,2010-02-15,2010-03-15,2010-04-15,2010-05-15,2010-06-15,2010-07-15,2010-08-15,2010-09-15,2010-10-15,2010-11-15,2010-12-15,2011-01-15,2011-02-15,2011-03-15,2011-04-15,2011-05-15,2011-06-15,2011-07-15,2011-08-15,2011-09-15,2011-10-15,2011-11-15,2011-12-15,2012-01-15,2012-02-15,2012-03-15,2012-04-15,2012-05-15,2012-06-15,2012-07-15,2012-08-15,2012-09-15,2012-10-15,2012-11-15,2012-12-15,2013-01-15,2013-02-15,2013-03-15,2013-04-15,2013-05-15,2013-06-15,2013-07-15,2013-08-15,2013-09-15,2013-10-15,2013-11-15,2013-12-15,2014-01-15,2014-02-15,2014-03-15,2014-04-15,2014-05-15,2014-06-15,2014-07-15,2014-08-15,2014-09-15,2014-10-15,2014-11-15,2014-12-15,2015-01-15,2015-02-15,2015-03-15,2015-04-15,2015-05-15,2015-06-15,2015-07-15,2015-08-15,2015-09-15,2015-10-15,2015-11-15,2015-12-15,2016-01-15,2016-02-15,2016-03-15,2016-04-15,2016-05-15,2016-06-15,2016-07-15,2016-08-15,2016-09-15,2016-10-15,2016-11-15,2016-12-15,2017-01-15,2017-02-15,2017-03-15,2017-04-15,2017-05-15,2017-06-15,2017-07-15,2017-08-15,2017-09-15,2017-10-15,2017-11-15,2017-12-15
 Arembepe,-38.17,-12.77,abp312s0.dat,NaN,NaN,NaN,NaN,NaN,NaN,NaN,NaN,NaN,NaN,NaN,NaN,NaN,NaN,NaN,NaN,NaN,NaN,NaN,NaN,NaN,NaN,NaN,NaN,NaN,NaN,NaN,NaN,NaN,NaN,NaN,NaN,NaN,NaN,NaN,NaN,NaN,NaN,NaN,NaN,NaN,NaN,NaN,NaN,NaN,NaN,NaN,NaN,NaN,NaN,NaN,NaN,NaN,NaN,NaN,NaN,NaN,NaN,NaN,NaN,NaN,NaN,NaN,NaN,NaN,NaN,NaN,NaN,NaN,NaN,NaN,NaN,NaN,NaN,NaN,NaN,NaN,NaN,NaN,NaN,NaN,380.72,380.82,380.92,381.02,381.09,380.99,380.89,381.15,381.82,382.26,382.19,382.34,NaN,NaN,NaN,NaN,NaN,383.02,382.64,382.83,383.83,384.34,384.2,384.77,385.46,385.64,385.56,384.85,385.28,386.19,385.2,384.39,385.18,385.67,386.08,386.2,386.18,386.59,386.81,NaN,NaN,NaN,NaN,NaN,NaN,NaN,NaN,NaN,NaN,NaN,NaN,NaN,NaN,NaN,NaN,NaN,NaN,NaN,NaN,NaN,NaN,NaN,NaN,NaN,NaN,NaN,NaN,NaN,NaN,NaN,NaN,NaN,NaN,NaN,NaN,NaN,NaN,NaN,NaN,NaN,NaN,NaN,NaN,NaN,NaN,NaN,NaN,NaN,NaN,NaN,NaN,NaN,NaN,NaN,NaN,NaN,NaN,NaN,NaN,NaN,NaN,NaN,NaN,NaN,NaN,NaN,NaN,NaN,NaN,NaN,NaN,NaN,NaN,NaN,NaN,NaN,NaN,NaN,NaN,NaN,NaN,NaN,NaN,NaN,NaN,NaN,NaN,NaN,NaN,NaN,NaN,NaN,NaN,NaN,NaN
 Anmyeon-do,126.33,36.53,amy236n1.dat,374.17,374.99,376.47,376.98,375.76,372.68,368.2,365.46,366.43,370.7,374.31,375.82,376.17,376.94,378.42,378.95,377.78,374.65,370.26,367.33,368.38,372.52,376.32,377.63,378.14,379.01,380.2,380.87,379.75,376.63,372.34,369.41,370.34,374.41,378.26,379.73,380.06,380.97,382.33,382.99,381.8,378.7,374.45,371.45,372.38,376.48,380.28,381.77,382.25,383.14,384.39,384.91,383.85,380.69,376.43,373.52,374.52,378.65,382.45,383.91,384.41,385.17,386.52,386.98,385.98,382.83,378.59,375.66,376.63,380.72,384.58,386.07,386.4,387.33,388.66,389.28,388.25,385.09,380.84,377.87,378.81,382.92,386.65,388.32,388.66,389.64,390.88,391.69,390.51,387.35,383.07,380.11,381.08,385.15,389.02,390.55,390.77,391.98,393.21,393.91,392.66,389.58,385.25,382.3,383.41,387.46,391.38,392.95,393.13,394.19,395.45,396.11,394.99,391.63,387.4,384.72,385.72,389.76,393.65,395.19,395.62,396.38,397.68,398.35,397.4,394.24,390.08,387.13,388.01,392.18,396.02,397.52,397.73,398.59,400.03,400.72,399.73,396.77,392.49,389.48,390.47,394.58,398.52,399.76,400.27,401.03,402.7,403.34,402.16,398.96,394.85,391.95,393.09,397.15,401.11,402.51,402.86,403.8,405.22,405.82,404.77,401.63,397.58,394.49,395.55,399.58,403.46,405.11,405.45,406.43,407.8,408.5,407.24,404.14,400.02,397.08,397.92,402.22,406.06,407.59,408.0,408.92,410.19,410.94,410.02,406.82,402.68,399.77,400.57,404.72,408.7,410.18,410.6,411.48,412.99,413.75,412.57,409.41,405.23,402.35,403.42,407.57,411.41,412.96,413.52,414.52,415.84,416.28,415.23,412.12,408.01,405.07,406.08,410.26,414.11,415.69
 Ascension Island,-14.4,-7.97,asc107s0.dat,367.37,367.12,366.4,366.08,367.35,368.43,368.81,368.66,368.4,368.78,368.76,368.31,368.1,368.33,368.44,368.5,369.25,NaN,NaN,NaN,370.44,370.85,370.71,370.24,370.26,370.35,369.81,370.16,371.38,371.98,372.55,372.83,372.81,372.93,373.02,373.1,373.13,372.95,372.99,373.41,373.82,374.68,375.15,374.91,374.83,375.1,375.22,375.01,374.83,375.11,375.14,374.71,375.27,376.44,376.87,376.72,376.55,376.54,377.0,376.94,376.37,376.35,376.93,377.17,377.3,378.56,379.47,379.02,378.68,379.07,379.51,379.42,379.3,379.34,379.02,378.71,379.07,379.79,380.19,380.7,381.05,381.05,380.79,380.41,380.29,380.48,380.35,380.38,381.14,382.02,382.69,383.14,383.37,383.43,383.52,383.24,382.82,382.27,381.82,381.47,382.11,383.66,384.56,384.82,384.83,384.62,384.64,384.92,384.79,384.29,383.55,383.17,384.26,385.79,386.5,387.03,387.37,387.18,386.55,386.18,386.28,386.64,386.67,386.23,386.7,387.78,388.27,388.6,388.63,388.57,388.83,388.82,387.71,386.97,387.47,388.1,388.78,389.44,390.17,390.67,390.52,390.31,390.1,390.0,390.21,390.11,390.1,390.89,391.23,391.61,392.22,391.89,391.82,392.33,392.86,392.95,392.49,392.36,392.84,393.3,393.6,394.51,395.41,395.29,394.99,395.22,395.36,395.44,395.13,395.08,394.77,394.14,394.91,395.99,396.47,397.14,397.27,396.77,396.95,397.16,396.92,396.78,397.13,397.24,397.27,398.36,398.93,399.04,399.4,399.71,400.15,400.37,400.59,401.19,401.36,401.22,401.65,402.58,403.33,403.18,402.68,402.92,403.0,402.84,402.72,402.33,401.97,402.37,403.32,404.03,404.68,404.91,404.25,404.44,405.08,404.91
 Assekrem,5.63,23.27,ask123n0.dat,370.19,371.43,372.09,372.41,372.7,371.83,369.35,366.61,365.93,366.62,368.72,370.86,372.05,372.78,373.57,374.22,374.37,373.19,370.41,368.36,367.79,368.32,370.37,372.27,373.76,374.64,375.14,376.24,376.41,375.15,372.93,370.47,369.47,370.52,372.49,374.18,375.57,376.67,377.63,378.52,378.95,378.29,375.75,373.08,372.38,372.83,374.59,376.78,377.85,378.85,379.89,380.45,380.62,379.53,376.71,373.95,373.02,373.95,376.27,378.79,379.91,380.67,381.63,382.1,382.46,381.41,379.13,376.87,375.66,376.4,378.78,381.16,382.86,383.63,383.85,384.44,385.01,383.6,381.32,379.28,377.83,378.31,380.74,382.68,383.82,385.28,386.23,386.37,386.51,385.88,383.39,380.8,379.79,380.59,382.89,385.06,386.68,387.32,387.68,388.34,NaN,NaN,385.7,382.33,381.54,382.44,384.22,386.57,388.38,389.14,389.79,390.56,390.63,389.64,386.95,384.06,383.07,384.26,386.02,387.84,389.25,390.18,391.23,392.25,392.93,391.87,388.39,386.01,385.77,386.35,388.38,390.92,391.99,392.69,394.21,395.02,394.77,393.78,391.48,388.82,388.12,388.65,390.41,392.7,394.25,395.79,396.47,396.48,396.5,395.83,393.27,390.71,390.32,391.09,392.97,394.98,NaN,NaN,NaN,399.39,399.57,398.59,395.54,392.69,392.28,393.67,395.85,397.92,398.72,399.62,400.83,401.48,401.65,400.61,397.83,394.94,394.61,396.06,397.5,399.58,401.14,402.1,403.41,403.56,403.06,401.79,399.25,397.35,396.47,397.52,400.04,402.44,404.04,404.89,406.13,407.25,407.21,405.98,403.22,400.47,400.1,401.35,403.78,406.01,407.33,408.51,409.36,409.75,409.75,408.45,405.8,402.98,402.27,403.89,406.05,408.05
 Serreta (Terceira),-27.38,38.77,azr638n0.dat,370.82,370.68,371.74,373.74,373.36,369.99,367.64,366.77,365.73,367.07,370.07,372.09,372.64,372.73,374.31,376.16,374.42,371.59,370.16,367.66,366.35,368.76,371.08,372.67,374.5,375.83,376.54,376.49,376.45,374.35,370.91,370.05,369.92,370.82,373.47,375.26,376.38,378.03,379.07,379.95,380.05,377.03,372.51,369.9,370.33,373.51,376.07,377.55,379.3,380.32,380.72,381.21,380.58,378.37,375.7,371.87,370.95,373.56,376.69,377.85,377.62,379.5,381.83,383.66,385.01,NaN,NaN,374.09,374.3,378.15,382.66,NaN,NaN,NaN,NaN,NaN,384.61,383.32,379.5,375.34,375.22,378.24,381.56,383.69,385.84,386.54,386.49,387.19,386.32,384.18,379.45,375.49,377.23,381.21,384.09,386.17,386.89,386.98,388.61,390.02,389.52,386.39,382.23,380.12,379.45,NaN,NaN,NaN,389.08,390.01,389.34,390.37,390.45,388.02,NaN,NaN,380.34,384.47,388.19,390.13,391.45,392.32,NaN,NaN,NaN,NaN,NaN,NaN,NaN,NaN,NaN,NaN,NaN,NaN,NaN,NaN,NaN,NaN,NaN,NaN,NaN,NaN,NaN,NaN,NaN,NaN,NaN,NaN,397.29,393.55,387.83,385.93,387.97,391.46,395.23,NaN,NaN,NaN,NaN,400.59,400.54,397.54,393.97,392.96,393.48,395.91,398.1,399.96,401.06,401.92,402.34,402.45,402.66,399.18,393.66,392.24,392.41,394.56,398.43,400.16,400.94,402.05,403.15,404.58,404.65,402.58,398.51,394.03,393.91,397.99,402.39,404.71,405.22,405.36,406.44,407.7,406.93,404.64,403.2,400.1,398.27,401.58,405.51,407.56,408.4,409.23,410.75,NaN,NaN,NaN,NaN,NaN,NaN,403.83,407.92,409.4
 Begur,3.23,41.97,bgu641n0.dat,NaN,NaN,376.358,374.62199999999996,375.195,366.66900000000004,368.094,364.445,364.869,375.31199999999995,NaN,NaN,381.74699999999996,379.293,376.907,381.06800000000004,378.87,373.79699999999997,NaN,368.17,363.644,383.29900000000004,374.767,380.968,NaN,385.82599999999996,NaN,380.269,376.892,378.80800000000005,370.881,370.116,369.074,377.36699999999996,375.04699999999997,NaN,NaN,381.583,380.92199999999997,380.204,378.793,376.079,373.81800000000004,376.314,376.006,376.30300000000005,378.29699999999997,384.038,382.35,388.142,383.63199999999995,382.695,381.31699999999995,379.399,374.07199999999995,372.01800000000003,371.04900000000004,379.211,385.915,384.673,390.469,385.635,386.18800000000016,NaN,NaN,379.723,379.62800000000004,374.148,378.061,383.527,384.381,388.158,NaN,392.61800000000005,385.861,385.974,NaN,379.355,386.385,378.916,380.041,382.671,385.82199999999995,390.042,391.208,396.219,391.724,NaN,386.539,386.962,380.38699999999994,378.702,377.564,389.881,390.394,391.986,394.41,391.42800000000005,389.969,390.517,388.54400000000004,385.73400000000004,382.673,380.29,386.135,386.404,389.344,391.668,396.57199999999995,395.53,392.661,392.582,391.63800000000003,391.31199999999995,383.142,380.301,385.724,NaN,392.274,394.476,398.49,399.175,395.457,397.673,390.56300000000016,390.251,385.667,387.022,384.914,391.14300000000003,NaN,NaN,NaN,NaN,NaN,NaN,NaN,NaN,NaN,NaN,NaN,NaN,NaN,NaN,NaN,NaN,NaN,NaN,NaN,NaN,NaN,NaN,NaN,NaN,NaN,NaN,NaN,NaN,NaN,NaN,NaN,NaN,NaN,NaN,NaN,NaN,NaN,NaN,NaN,NaN,NaN,NaN,NaN,NaN,NaN,NaN,NaN,NaN,NaN,NaN,NaN,NaN,NaN,NaN,NaN,NaN,NaN,NaN,NaN,NaN,NaN,NaN,NaN,NaN,NaN,NaN,NaN,NaN,NaN,NaN,NaN,NaN,NaN,NaN,NaN,NaN,NaN,NaN,NaN,NaN,NaN,NaN,NaN,NaN,NaN,NaN
 Baring Head,174.87,-41.4,bhd541s1.dat,365.95,365.92,365.91,366.22,366.19,366.03,366.74,367.56,367.41,367.34,367.24,367.01,367.2,367.1,366.76,367.1,367.42,367.74,367.87,367.81,368.22,368.65,368.78,368.96,369.04,368.36,368.06,368.85,369.98,370.02,369.09,368.84,369.43,369.89,370.02,370.08,370.52,370.7,371.01,371.93,372.18,371.61,371.93,372.44,372.67,373.45,373.95,373.73,373.57,373.56,373.68,374.28,374.89,374.91,375.21,375.84,376.48,376.35,375.57,375.3,375.32,375.3,375.68,376.4,376.47,376.48,377.44,378.21,377.93,377.48,377.91,378.01,377.07,376.97,377.38,377.83,378.75,378.84,378.86,379.48,379.79,379.7,379.33,379.61,380.07,379.72,379.62,380.45,380.99,380.89,380.94,381.25,381.45,381.55,381.34,381.45,381.8,381.45,381.11,382.13,383.17,383.05,383.0,382.56,382.54,383.11,382.47,381.36,381.89,382.93,383.25,383.46,383.66,383.67,384.24,384.72,384.72,385.04,NaN,NaN,NaN,NaN,384.57,385.24,385.82,385.74,386.07,386.89,387.28,387.54,NaN,NaN,387.24,387.37,387.59,388.02,387.59,387.3,388.15,388.87,389.02,389.01,388.95,388.77,388.93,388.87,388.46,388.66,389.33,390.11,390.76,391.06,391.08,390.93,390.87,391.21,391.33,390.96,391.38,392.42,392.73,392.6,393.35,394.21,394.08,393.92,393.69,393.59,393.9,393.91,393.91,394.13,394.01,394.4,395.58,395.53,395.29,395.77,395.59,395.14,395.21,395.37,396.02,397.08,397.21,397.23,398.25,398.8,398.7,398.83,398.73,398.76,398.67,398.37,399.5,401.39,401.97,401.56,401.55,401.55,400.95,NaN,NaN,NaN,NaN,401.49,401.11,401.98,402.31,402.17,402.76,402.74,402.57,403.29,403.28,403.45
 St. David's Head,-64.65,32.37,bme432n0.dat,373.31,373.98,373.68,373.74,372.83,370.29,368.46,366.11,364.97,367.46,370.83,372.42,372.87,373.23,373.73,374.84,374.07,371.09,369.32,367.76,365.97,368.33,372.34,374.76,376.35,375.8,375.21,375.81,376.72,375.57,372.02,368.69,368.22,371.37,375.03,377.43,378.01,377.36,377.76,377.28,374.24,372.75,374.6,374.84,374.48,377.65,380.51,381.16,380.62,380.39,382.09,382.46,380.58,379.66,376.57,370.53,370.57,375.51,378.21,379.72,382.58,383.6,384.04,384.41,383.57,380.78,378.02,375.3,374.33,377.27,380.55,382.3,384.45,385.42,385.44,386.04,385.36,384.1,380.14,374.02,374.98,379.96,382.83,385.24,388.25,389.84,389.04,387.62,386.78,385.65,382.68,378.34,377.71,381.23,384.33,385.82,386.74,387.51,388.9,390.22,389.41,387.54,385.88,382.87,380.54,382.85,NaN,NaN,NaN,NaN,NaN,NaN,NaN,NaN,NaN,NaN,NaN,NaN,NaN,NaN,NaN,NaN,NaN,NaN,NaN,NaN,NaN,NaN,NaN,NaN,NaN,NaN,NaN,NaN,NaN,NaN,NaN,NaN,NaN,NaN,NaN,NaN,NaN,NaN,NaN,NaN,NaN,NaN,NaN,NaN,NaN,NaN,NaN,NaN,NaN,NaN,NaN,NaN,NaN,NaN,NaN,NaN,NaN,NaN,NaN,NaN,NaN,NaN,NaN,NaN,NaN,NaN,NaN,NaN,NaN,NaN,NaN,NaN,NaN,NaN,NaN,NaN,NaN,NaN,NaN,NaN,NaN,NaN,NaN,NaN,NaN,NaN,NaN,NaN,NaN,NaN,NaN,NaN,NaN,NaN,NaN,NaN,NaN,NaN,NaN,NaN,NaN,NaN,NaN,NaN,NaN,NaN,NaN,NaN,NaN,NaN
 Barrow (AK),-156.62,71.32,brw471n0.dat,375.05,376.67,374.73,375.61,376.17,372.66,365.77,360.8,363.28,368.67,371.41,373.14,375.84,376.74,376.47,377.66,377.62,375.12,368.44,361.35,363.77,368.53,374.07,376.34,378.31,377.72,378.41,379.24,379.32,376.01,369.62,363.01,366.1,369.89,NaN,378.71,378.96,380.97,381.35,382.05,382.1,380.28,372.58,367.49,369.26,374.1,378.85,381.99,382.29,383.31,382.44,383.7,384.01,379.75,373.53,366.94,369.42,375.57,380.51,382.25,384.98,385.66,384.89,385.81,385.21,383.14,376.32,369.99,372.06,378.05,381.81,385.56,386.32,386.42,387.48,387.49,388.57,386.25,378.97,372.73,374.82,380.5,384.67,387.57,389.18,389.15,390.15,390.23,389.67,386.77,377.94,373.68,376.47,380.92,385.96,389.34,390.82,392.57,392.75,393.06,392.81,389.34,382.44,375.42,377.61,382.8,388.4,390.91,392.76,393.11,393.31,394.57,394.02,391.18,383.33,376.36,378.12,383.83,387.68,391.56,393.37,394.13,394.49,395.76,395.31,392.56,385.39,380.29,383.27,387.53,392.37,396.7,398.34,397.66,397.92,398.49,398.17,394.69,386.52,380.24,383.61,389.0,395.5,397.68,399.66,399.03,399.11,400.02,400.38,396.34,387.64,383.31,385.56,392.26,397.59,399.79,400.11,402.44,401.9,402.38,403.12,399.59,390.94,387.27,388.57,394.95,400.02,402.95,402.16,404.62,404.73,405.05,405.07,402.67,394.85,388.39,389.79,394.15,401.27,404.45,405.39,407.3,406.98,407.24,407.11,402.87,394.79,390.28,392.31,397.17,404.16,407.4,408.37,408.3,408.87,409.56,409.25,406.22,396.75,392.83,395.96,404.18,406.2,410.38,411.8,414.38,413.9,413.47,413.32,410.38,401.95,396.14,398.23,404.29,410.17,411.16
 Cold Bay (AK),-162.72,55.2,cba455n0.dat,NaN,NaN,NaN,NaN,NaN,NaN,NaN,NaN,NaN,NaN,NaN,374.16,375.71,376.5,377.22,378.36,377.31,371.72,365.23,361.42,364.05,369.96,373.78,375.73,377.11,377.96,378.53,378.73,377.54,372.76,366.51,364.75,367.83,372.52,375.35,377.23,378.84,380.01,380.8,381.95,382.15,378.32,371.24,367.3,369.61,374.85,378.67,380.73,381.61,382.4,383.43,384.27,383.75,379.21,372.5,369.08,370.77,376.54,380.69,382.47,383.61,384.55,385.33,385.43,384.94,381.58,373.86,369.91,374.33,380.38,384.27,385.68,386.37,387.4,388.07,388.91,389.18,385.27,378.24,372.47,376.08,382.65,385.56,387.26,388.42,389.52,390.47,389.62,388.4,384.41,377.02,373.81,377.7,383.96,387.88,388.92,NaN,NaN,NaN,NaN,NaN,NaN,NaN,NaN,NaN,NaN,NaN,NaN,NaN,NaN,NaN,NaN,393.39,389.04,380.01,376.06,382.16,390.04,391.71,391.58,393.09,393.82,394.8,395.76,395.04,389.62,380.83,378.9,383.89,389.8,394.2,395.95,396.12,396.77,397.66,398.3,397.98,393.76,385.0,380.19,384.49,390.81,395.03,397.37,398.45,399.37,400.16,400.48,400.05,394.9,386.91,384.55,390.07,395.33,399.1,NaN,NaN,NaN,NaN,NaN,NaN,NaN,389.12,386.96,390.46,396.59,399.82,401.29,402.84,403.8,404.62,405.45,405.0,401.95,395.37,391.14,392.95,398.02,402.65,404.88,405.12,405.4,406.38,407.54,407.6,403.95,395.3,390.91,395.32,400.71,403.94,406.81,408.97,410.06,410.11,410.45,411.22,407.68,400.24,397.06,400.61,405.06,408.05,410.07,411.09,412.03,412.9,413.19,413.21,409.15,402.51,399.39,401.75,405.61,409.58,412.18
 Cape Ferguson,147.07,-19.28,cfa519s0.dat,366.855,366.366,366.161,366.32099999999997,368.36800000000005,370.11400000000003,368.08099999999996,367.249,368.835,369.214,369.265,370.04900000000004,368.73900000000003,367.159,367.914,368.37699999999995,368.344,368.907,369.665,370.53,370.55400000000003,370.535,371.656,371.286,370.506,370.79,370.264,370.084,371.11800000000005,371.876,371.958,371.976,372.039,372.329,373.72900000000004,374.185,372.876,372.733,372.665,372.207,372.782,373.181,373.20300000000003,374.43,374.531,373.725,374.13599999999997,375.245,376.26199999999994,375.467,374.46,374.95300000000003,375.395,374.809,375.07,375.879,375.457,375.584,376.728,376.814,376.18,376.29699999999997,376.17400000000004,376.366,378.545,379.625,378.30300000000005,377.901,377.684,377.912,378.92,379.06199999999995,378.906,378.921,378.88199999999995,378.465,377.86,378.11400000000003,379.199,379.719,379.42400000000004,379.44599999999997,380.07599999999996,380.12300000000016,380.065,380.7,380.86400000000003,381.86,382.36199999999997,380.376,380.195,382.147,383.27,382.93199999999996,382.744,382.659,382.545,382.67400000000004,382.24199999999996,382.24800000000016,382.88300000000004,382.746,382.19199999999995,383.202,384.413,383.98,384.352,385.161,385.385,385.42699999999996,385.171,385.477,385.086,384.50300000000004,385.189,385.72900000000004,385.566,385.49300000000005,386.06,386.37800000000004,385.31199999999995,384.926,385.634,386.473,387.41900000000004,386.85699999999997,385.844,386.457,387.352,387.079,387.86199999999997,390.217,389.861,387.92,386.856,386.458,387.309,387.667,387.957,389.38599999999997,389.414,389.101,390.865,391.87699999999995,390.37800000000004,389.338,389.129,389.24199999999996,388.99800000000016,388.68300000000005,390.105,391.35400000000004,391.455,391.504,392.23,393.157,393.038,392.94699999999995,393.23699999999997,392.895,392.736,393.148,393.611,394.409,394.779,394.496,394.452,394.858,394.88300000000004,394.278,394.67900000000003,395.176,394.664,395.05699999999996,396.25800000000004,396.94300000000004,396.49199999999996,396.34,396.939,397.31800000000004,397.144,397.161,397.26800000000003,396.95,397.151,397.765,397.884,398.35900000000004,398.356,398.916,400.13,399.606,398.51300000000003,398.77,399.72,NaN,NaN,NaN,NaN,400.533,400.88800000000003,401.913,402.711,402.73,402.70599999999996,404.62699999999995,406.60699999999997,405.75199999999995,404.588,404.415,404.08,404.134,404.491,404.668,404.686,404.61199999999997
 Cape Grim,144.68,-40.68,cgo540s2.dat,366.49,366.32,366.23,366.27,366.32,366.62,367.11,367.42,367.58,367.69,367.73,367.56,367.41,367.44,367.51,367.64,367.89,368.22,368.58,369.11,369.6,369.67,369.5,369.4,369.43,369.49,369.54,369.74,370.01,370.45,371.05,371.51,371.77,371.84,371.72,371.58,371.55,371.73,371.9,372.07,372.39,372.71,373.19,373.82,374.08,373.91,373.7,373.6,373.55,373.7,373.83,373.91,374.26,374.66,375.04,375.46,375.56,375.55,375.74,375.68,375.37,375.31,375.4,375.62,376.21,376.94,377.3,377.55,377.7,377.73,377.78,377.81,377.91,377.81,377.75,378.08,378.21,378.27,378.75,379.22,379.39,379.44,379.52,379.41,379.24,379.27,379.45,379.65,380.06,380.4,380.8,381.27,381.5,381.6,381.65,381.65,381.69,381.81,381.8,381.79,381.92,382.36,382.93,383.31,383.54,383.62,383.5,383.51,383.96,383.89,383.33,383.33,383.64,383.86,384.34,384.8,385.01,385.09,385.08,385.1,384.98,384.74,384.7,384.85,385.21,385.72,386.32,387.03,387.39,387.4,387.35,387.06,386.96,386.95,387.0,387.19,387.31,387.74,388.2,388.57,389.02,389.1,388.95,388.87,388.76,388.73,388.77,388.97,389.21,389.63,390.26,390.9,391.25,391.27,391.12,391.03,391.15,391.5,391.76,391.89,392.24,392.72,393.26,393.7,393.84,393.9,393.8,393.73,393.76,393.7,393.74,393.95,394.21,394.61,395.15,395.61,395.81,395.73,395.59,395.5,395.58,395.72,395.81,396.23,396.71,397.07,397.59,398.14,398.48,398.4,398.34,398.56,398.69,398.73,398.9,399.49,399.94,400.45,401.14,401.43,401.56,401.63,401.36,400.99,400.9,400.98,401.05,401.31,401.67,402.07,402.72,403.28,403.49,403.45,403.5,403.71
 Cape Point,18.48,-34.35,cpt134s1.dat,366.46,366.07,366.25,365.85,365.9,366.77,367.16,367.34,367.32,367.38,367.55,367.27,367.25,367.12,367.38,367.72,367.79,368.39,368.67,368.89,369.21,369.23,369.33,369.32,369.25,369.15,369.43,369.77,369.87,370.35,370.82,371.22,371.43,371.56,371.53,371.73,371.87,372.16,372.4,372.75,372.85,373.23,373.69,373.79,373.85,373.62,373.87,373.72,374.05,373.93,373.77,NaN,374.53,375.11,375.34,375.65,375.49,375.64,375.86,375.81,375.7,375.5,375.8,376.0,376.5,376.8,377.3,377.5,377.5,377.5,377.7,377.9,378.09,378.21,377.95,378.09,378.44,378.58,378.8,379.04,379.26,379.33,379.4,379.41,379.34,379.62,379.8,380.16,380.43,380.64,380.59,380.94,381.33,381.39,381.17,381.28,381.47,381.86,381.9,381.84,382.8,382.78,383.13,383.0,383.03,383.2,383.18,383.4,383.64,383.39,383.33,383.48,383.87,384.02,384.12,384.45,384.59,385.1,386.12,384.99,384.55,384.93,385.14,385.32,385.34,386.13,386.76,387.21,387.2,386.87,387.18,387.31,387.11,387.15,387.43,387.34,387.87,387.84,388.48,388.41,388.8,388.93,388.89,389.41,389.36,388.92,389.16,389.37,389.61,390.44,390.86,391.28,391.22,391.18,391.17,391.57,391.69,391.95,391.99,392.51,392.92,393.18,393.48,393.64,393.98,393.86,393.69,393.96,394.07,393.98,394.12,394.21,394.48,394.68,395.13,395.61,395.82,396.1,396.28,396.23,395.86,396.04,396.39,396.82,397.29,398.04,398.03,399.15,398.22,398.2,398.4,399.05,398.77,398.85,399.24,399.68,400.47,400.81,401.13,401.32,401.32,401.32,401.22,401.23,401.24,401.36,401.5,401.84,402.13,402.43,403.09,403.05,403.26,403.35,403.42,403.44
 Cape Rama,73.83,15.08,cri215n0.dat,373.745,373.01800000000003,373.22,372.67199999999997,370.95099999999996,368.74,367.99,368.212,368.17,366.97900000000004,371.07099999999997,379.176,378.816,374.49199999999996,374.54,373.459,369.88599999999997,369.75800000000004,370.48800000000006,369.566,371.161,373.42400000000004,371.152,369.584,373.81300000000016,377.86199999999997,377.664,375.895,373.596,372.07300000000004,372.11199999999997,372.55,371.17,369.88,NaN,NaN,NaN,NaN,NaN,NaN,NaN,NaN,NaN,NaN,NaN,NaN,NaN,NaN,NaN,NaN,NaN,NaN,NaN,NaN,NaN,NaN,NaN,NaN,NaN,NaN,NaN,NaN,NaN,NaN,NaN,NaN,NaN,NaN,NaN,NaN,NaN,NaN,NaN,NaN,NaN,NaN,NaN,NaN,NaN,NaN,NaN,NaN,NaN,NaN,NaN,NaN,NaN,NaN,NaN,NaN,NaN,NaN,NaN,NaN,NaN,NaN,NaN,NaN,NaN,NaN,NaN,NaN,NaN,NaN,NaN,NaN,NaN,NaN,NaN,NaN,NaN,NaN,NaN,NaN,388.342,385.07800000000003,386.63699999999994,392.68699999999995,392.163,389.56800000000004,395.615,399.615,397.421,395.44199999999995,393.111,389.399,387.286,387.042,388.75699999999995,391.73900000000003,392.52,393.445,396.665,399.619,399.139,396.17199999999997,393.728,391.74,392.019,389.425,389.66900000000004,399.904,NaN,NaN,403.41,404.274,403.21,399.061,395.926,393.088,391.54400000000004,391.409,394.01599999999996,401.51800000000003,407.19,407.602,406.935,NaN,NaN,NaN,NaN,NaN,NaN,NaN,NaN,NaN,NaN,NaN,NaN,NaN,NaN,NaN,NaN,NaN,NaN,NaN,NaN,NaN,NaN,NaN,NaN,NaN,NaN,NaN,NaN,NaN,NaN,NaN,NaN,NaN,NaN,NaN,NaN,NaN,NaN,NaN,NaN,NaN,NaN,NaN,NaN,NaN,NaN,NaN,NaN,NaN,NaN,NaN,NaN,NaN,NaN,NaN,NaN,NaN,NaN,NaN
 Casey,110.52,-66.28,cya766s0.dat,366.55199999999996,366.532,366.74199999999996,366.88,NaN,NaN,NaN,NaN,NaN,NaN,NaN,NaN,NaN,NaN,NaN,NaN,NaN,NaN,NaN,NaN,NaN,NaN,NaN,NaN,369.532,369.816,370.163,370.083,369.94699999999995,370.352,371.051,371.57300000000004,371.996,372.165,372.13199999999995,371.98699999999997,372.01099999999997,372.186,372.26099999999997,372.38599999999997,372.616,373.00800000000004,373.57800000000003,374.108,374.259,374.042,373.67,373.713,373.968,373.931,374.026,374.185,374.37699999999995,374.89300000000003,375.38199999999995,375.784,376.031,375.973,375.88800000000003,375.721,375.36800000000005,375.235,375.532,375.861,376.149,376.756,377.392,377.723,377.86300000000006,377.916,377.963,377.94800000000004,377.772,377.63800000000003,377.74699999999996,378.01800000000003,378.235,378.598,379.163,379.375,379.349,379.57300000000004,379.66,379.356,379.12699999999995,379.176,379.486,379.959,380.176,380.403,381.01599999999996,381.70599999999996,382.001,381.92699999999996,381.776,381.80800000000005,381.825,381.67699999999996,381.82,382.129,382.03,382.244,383.00800000000004,383.55400000000003,383.827,383.92400000000004,383.715,383.56300000000016,383.526,383.26,383.202,383.48400000000004,383.85400000000004,384.20599999999996,384.449,384.751,385.094,385.27099999999996,385.24199999999996,385.24800000000016,385.01,384.694,384.811,384.995,385.35699999999997,386.066,386.75300000000004,387.254,387.663,387.86300000000006,387.72,387.452,387.214,387.026,386.95,387.026,387.15,387.45099999999996,387.97900000000004,388.483,388.82300000000004,389.01300000000003,389.105,389.024,388.736,388.57800000000003,388.744,389.04400000000004,389.256,389.595,390.30300000000005,391.08099999999996,391.588,391.70099999999996,391.45300000000003,391.344,391.356,391.301,391.593,392.17699999999996,392.44,392.76599999999996,393.594,394.084,394.064,394.077,393.92400000000004,393.787,393.667,393.466,393.62300000000016,393.93800000000016,394.256,394.736,395.30199999999996,395.776,396.006,396.074,395.96,395.754,395.531,395.346,395.37699999999995,395.805,396.54,397.05699999999996,397.55300000000005,398.14,398.535,398.724,398.716,398.655,398.38699999999994,398.341,398.805,399.336,399.64300000000003,400.087,400.881,401.491,401.661,401.62800000000004,401.619,401.546,401.12300000000016,400.6,400.559,401.025,401.541,401.866,402.37699999999995,403.152,403.60400000000004,403.668,403.57,403.486
 Drake Passage,-64.68,-59.0,drp859s0.dat,NaN,NaN,NaN,NaN,NaN,NaN,NaN,NaN,NaN,NaN,NaN,NaN,NaN,NaN,NaN,NaN,NaN,NaN,NaN,NaN,NaN,NaN,NaN,NaN,NaN,NaN,NaN,NaN,NaN,NaN,NaN,NaN,NaN,NaN,NaN,NaN,NaN,NaN,NaN,NaN,NaN,NaN,NaN,NaN,NaN,NaN,NaN,NaN,NaN,NaN,NaN,NaN,NaN,NaN,NaN,NaN,NaN,NaN,NaN,NaN,NaN,NaN,NaN,NaN,NaN,NaN,NaN,NaN,NaN,NaN,NaN,NaN,NaN,NaN,378.46,378.11,378.4,378.49,378.87,379.57,379.69,379.66,379.77,379.53,378.92,378.97,379.55,379.83,380.2,381.42,NaN,NaN,381.98,381.94,381.8,381.48,381.37,381.57,381.86,381.98,382.12,382.49,383.05,383.47,383.71,383.74,NaN,NaN,383.09,383.23,383.36,383.36,383.55,383.92,NaN,NaN,NaN,385.32,385.27,384.88,384.23,384.12,384.61,385.01,385.4,385.98,386.64,387.32,387.61,387.49,387.38,387.29,386.83,386.7,386.87,386.97,387.33,387.72,388.09,388.65,388.85,388.77,388.85,388.71,388.53,388.7,388.96,389.19,389.48,389.83,390.54,391.29,391.32,391.04,391.15,391.01,390.82,391.15,391.49,391.88,392.51,393.02,393.5,393.87,393.85,393.82,393.92,393.66,393.47,393.66,393.77,394.24,394.79,394.92,395.17,395.65,396.0,395.98,395.8,395.47,395.26,395.55,395.99,396.24,396.59,397.11,NaN,NaN,NaN,398.33,398.53,398.4,398.17,398.41,398.91,399.3,399.77,400.51,401.19,401.57,401.68,401.62,401.38,400.79,400.4,400.76,401.15,401.38,401.76,402.3,402.89,NaN,NaN,NaN,NaN,NaN
 Egbert,-79.78,44.23,egb444n0.dat,NaN,NaN,NaN,NaN,NaN,NaN,NaN,NaN,NaN,NaN,NaN,NaN,NaN,NaN,NaN,NaN,NaN,NaN,NaN,NaN,NaN,NaN,NaN,NaN,NaN,NaN,NaN,NaN,NaN,NaN,NaN,NaN,NaN,NaN,NaN,NaN,NaN,NaN,NaN,NaN,NaN,NaN,NaN,NaN,NaN,NaN,NaN,NaN,NaN,NaN,NaN,NaN,NaN,NaN,NaN,NaN,NaN,NaN,NaN,NaN,NaN,NaN,388.06,387.43,383.18,375.4,367.93,366.97,376.78,383.71,389.61,NaN,392.31,390.51,391.07,390.0,385.33,376.97,371.06,370.54,377.94,386.55,399.04,396.68,393.5,391.71,392.82,391.69,385.6,377.41,372.38,374.18,380.21,391.36,392.94,398.67,397.79,397.37,398.28,395.51,389.04,382.04,372.11,372.43,378.9,388.66,396.69,397.83,398.33,397.21,397.92,395.74,392.1,381.99,373.03,371.08,376.11,391.25,399.26,397.74,397.81,395.46,399.5,397.72,392.87,385.39,377.37,377.93,386.43,393.18,399.12,402.69,402.63,404.48,402.0,401.66,397.56,387.34,378.66,375.94,387.19,396.7,402.61,408.13,403.29,402.67,406.08,400.62,398.24,386.53,382.02,380.14,388.81,400.16,405.64,406.5,407.48,406.22,404.82,406.07,401.64,393.13,381.81,379.21,390.91,401.23,406.7,410.83,409.12,408.19,408.56,408.96,NaN,NaN,379.13,374.72,391.52,402.4,406.0,410.05,408.27,409.04,408.6,411.23,406.17,393.62,383.64,383.88,392.23,403.12,412.17,414.29,412.99,411.62,413.91,407.69,405.88,396.35,389.25,391.99,397.2,406.94,416.08,414.94,413.76,NaN,414.99,413.43,408.02,400.5,391.93,389.21,400.55,411.12,416.79,418.14
 Estevan Point,-126.55,49.38,esp449n0.dat,372.25699999999995,373.996,374.291,374.481,373.801,371.80800000000005,369.38699999999994,366.121,365.532,370.358,374.115,373.66,375.028,376.43699999999995,376.319,376.99,375.31,372.001,368.56199999999995,364.084,364.37199999999996,370.56199999999995,374.56199999999995,375.584,377.01300000000003,NaN,NaN,NaN,NaN,NaN,NaN,NaN,NaN,NaN,NaN,NaN,NaN,NaN,NaN,NaN,NaN,NaN,NaN,NaN,NaN,NaN,NaN,NaN,NaN,NaN,NaN,NaN,NaN,NaN,NaN,NaN,NaN,NaN,NaN,NaN,NaN,NaN,NaN,NaN,NaN,NaN,NaN,NaN,NaN,NaN,NaN,NaN,NaN,NaN,NaN,NaN,NaN,NaN,NaN,NaN,NaN,NaN,NaN,NaN,NaN,NaN,NaN,NaN,NaN,NaN,NaN,NaN,NaN,NaN,NaN,NaN,NaN,NaN,NaN,NaN,NaN,NaN,NaN,NaN,NaN,NaN,NaN,NaN,NaN,NaN,392.8,392.86,392.24,389.73,383.41,378.97,381.63,387.17,387.88,391.97,392.11,393.28,393.47,395.1,393.72,391.6,384.94,383.8,387.84,391.19,393.32,393.98,394.71,396.65,396.05,397.14,397.0,393.17,387.07,383.96,387.94,391.13,395.08,396.79,397.26,398.79,398.37,398.71,399.39,395.88,389.98,388.47,390.93,395.1,396.72,398.43,400.61,400.12,400.54,401.02,400.66,398.6,390.35,390.5,394.18,399.54,399.23,NaN,405.36,403.46,402.87,404.03,403.14,400.11,395.48,NaN,396.66,NaN,402.37,NaN,NaN,403.34,404.14,405.04,403.6,401.46,395.02,392.07,395.65,403.85,402.59,406.06,406.85,407.06,407.55,407.57,NaN,403.73,398.58,396.92,399.42,404.3,406.71,408.92,410.55,410.55,410.15,411.52,410.94,409.05,401.76,400.74,403.92,408.1,410.13,412.53
 East Trout Lake,-104.98,54.35,etl454n0.dat,NaN,NaN,NaN,NaN,NaN,NaN,NaN,NaN,NaN,NaN,NaN,NaN,NaN,NaN,NaN,NaN,NaN,NaN,NaN,NaN,NaN,NaN,NaN,NaN,NaN,NaN,NaN,NaN,NaN,NaN,NaN,NaN,NaN,NaN,NaN,NaN,NaN,NaN,NaN,NaN,NaN,NaN,NaN,NaN,NaN,NaN,NaN,NaN,NaN,NaN,NaN,NaN,NaN,NaN,NaN,NaN,NaN,NaN,NaN,NaN,NaN,NaN,NaN,NaN,NaN,NaN,NaN,369.27,374.93,382.91,385.14,387.36,388.95,387.79,387.92,387.07,383.81,378.04,372.75,371.54,375.34,383.09,387.01,389.31,390.18,389.66,390.42,388.93,386.21,380.79,376.47,370.86,378.16,386.09,390.12,392.82,393.25,394.04,393.22,393.9,389.8,382.61,373.85,374.7,377.48,386.36,392.88,394.09,393.46,393.37,394.36,394.58,391.84,385.38,376.45,372.8,379.9,387.65,392.69,394.26,395.77,396.52,396.48,394.47,391.85,385.05,379.42,379.27,383.66,391.72,396.02,399.57,399.31,398.02,399.48,399.0,395.39,387.19,381.24,379.48,385.9,392.85,399.35,400.28,400.48,400.73,401.36,400.47,396.9,390.57,381.59,383.42,387.72,396.16,402.57,403.26,403.74,403.65,403.16,403.11,400.13,392.77,385.08,386.08,392.15,398.51,403.54,405.59,404.93,405.23,405.82,405.72,403.13,394.69,386.54,388.46,392.12,399.23,404.29,407.85,406.52,407.4,406.98,406.57,404.69,398.92,389.69,389.82,394.78,403.47,409.04,412.4,410.23,410.29,410.94,409.43,405.03,399.01,393.78,393.35,400.45,408.51,411.97,412.22,412.76,413.38,413.92,413.3,409.68,402.81,394.68,393.18,396.69,NaN,413.48,414.38
 Hohenpeissenberg,11.02,47.8,hpb647n0.dat,NaN,NaN,NaN,NaN,NaN,NaN,NaN,NaN,NaN,NaN,NaN,NaN,NaN,NaN,NaN,NaN,NaN,NaN,NaN,NaN,NaN,NaN,NaN,NaN,NaN,NaN,NaN,NaN,NaN,NaN,NaN,NaN,NaN,NaN,NaN,NaN,NaN,NaN,NaN,NaN,NaN,NaN,NaN,NaN,NaN,NaN,NaN,NaN,NaN,NaN,NaN,NaN,NaN,NaN,NaN,NaN,NaN,NaN,NaN,NaN,NaN,NaN,NaN,NaN,NaN,NaN,NaN,NaN,NaN,NaN,NaN,NaN,NaN,NaN,NaN,385.54,379.77,376.17,374.04,373.26,379.07,383.35,385.27,388.6,389.59,390.83,390.69,384.32,379.97,379.83,378.08,376.15,379.57,386.69,389.91,392.87,396.09,396.03,395.36,391.13,386.16,385.55,379.46,373.09,374.94,381.67,390.57,395.73,396.82,396.09,394.05,390.89,386.36,382.79,379.33,376.35,378.64,385.28,392.09,395.88,399.1,400.98,397.37,392.82,391.2,392.96,386.48,379.31,383.12,393.57,402.49,399.01,398.63,405.96,401.73,392.28,389.15,386.37,383.42,381.8,384.12,394.4,399.49,398.66,407.4,410.22,400.62,395.32,393.5,387.47,380.99,381.34,387.0,394.59,402.48,400.74,402.84,411.91,411.48,405.15,397.5,389.88,388.42,389.01,387.79,393.54,401.46,403.53,403.04,404.73,402.95,398.16,395.97,394.44,390.14,386.02,389.94,398.81,406.9,408.95,406.92,407.81,406.86,403.04,400.45,396.6,394.08,394.68,395.72,402.11,404.28,405.88,408.85,409.04,410.55,408.01,402.05,396.8,394.15,394.18,399.05,406.26,409.31,411.82,415.64,414.79,410.81,409.45,407.03,401.66,397.69,392.03,392.94,403.14,411.01,412.68
 Hegyhatsal,16.65,46.95,hun646n0.dat,381.31,379.73,376.77,374.36,367.88,365.02,365.12,363.72,369.74,373.73,380.71,394.52,391.86,383.65,381.54,374.92,368.13,364.88,362.02,363.72,370.79,380.1,387.41,391.12,389.94,385.37,382.66,378.27,369.9,365.72,365.23,364.32,367.72,375.93,383.49,390.95,393.08,391.88,388.33,381.36,373.81,370.41,370.63,370.71,372.35,380.39,387.88,388.5,390.94,392.76,388.8,383.44,377.51,370.68,367.77,368.38,372.22,379.86,394.01,397.63,392.02,391.26,391.65,386.79,378.53,373.62,372.02,369.99,373.23,384.53,395.81,400.42,399.72,396.3,393.18,388.58,381.38,375.5,372.9,370.29,375.94,384.94,391.61,397.82,397.78,394.48,390.82,386.07,381.45,380.06,377.92,373.41,377.52,390.83,397.23,401.13,402.9,398.2,394.9,389.63,380.77,376.7,376.06,375.37,382.4,394.74,399.44,400.51,402.62,400.52,397.5,391.63,385.73,381.79,376.52,375.87,380.06,391.91,402.41,406.8,411.91,408.45,399.67,393.73,387.58,382.75,379.39,378.1,385.23,396.21,403.83,405.43,407.47,407.65,402.71,396.5,389.89,384.34,381.36,381.29,384.99,400.26,420.03,413.4,405.85,408.12,403.13,398.03,391.12,384.16,385.29,388.27,392.61,401.51,409.94,412.83,413.8,413.04,410.3,403.17,392.56,386.8,387.76,389.87,391.8,399.75,406.48,414.1,422.37,417.7,408.35,401.49,394.98,393.37,393.56,390.24,392.2,401.34,409.76,414.33,416.15,414.06,409.39,404.34,397.8,393.02,394.09,395.19,398.67,411.64,418.55,421.19,421.26,417.47,413.7,408.18,401.41,396.47,394.58,394.79,400.79,413.62,423.34,423.14,431.11,429.8,415.94,410.35,405.58,399.29,399.41,399.21,399.81,410.11,420.56,422.35
 Storhofdi,-20.28,63.4,ice663n0.dat,372.98,373.59,374.71,374.99,374.1,371.15,365.49,361.11,361.81,367.15,371.03,372.75,374.07,375.3,376.32,376.8,376.11,372.27,366.03,362.19,364.73,369.35,372.96,375.81,376.85,377.3,377.91,378.26,377.51,373.76,368.61,364.35,365.86,372.09,376.21,377.21,378.7,379.37,380.08,381.09,380.42,376.71,371.71,367.98,369.49,374.12,378.74,380.94,381.44,381.48,381.9,382.97,382.1,379.21,374.17,368.87,369.05,374.53,379.19,381.69,382.61,382.46,383.07,384.49,384.69,381.54,374.81,370.39,371.71,376.42,380.84,383.21,384.36,385.46,386.71,387.6,387.12,384.3,378.76,374.1,374.61,379.62,383.83,386.25,387.09,388.01,388.92,388.9,388.22,385.04,378.95,374.42,375.89,380.81,384.91,387.45,389.5,390.89,391.71,391.95,390.58,387.04,382.1,377.73,377.71,382.22,387.04,389.42,390.91,391.67,392.42,393.06,392.55,389.76,NaN,NaN,NaN,NaN,NaN,NaN,NaN,NaN,NaN,NaN,NaN,NaN,NaN,NaN,NaN,NaN,NaN,NaN,NaN,NaN,NaN,NaN,NaN,NaN,NaN,NaN,NaN,NaN,NaN,NaN,NaN,NaN,NaN,NaN,NaN,NaN,NaN,NaN,NaN,NaN,NaN,NaN,NaN,NaN,NaN,NaN,NaN,NaN,NaN,NaN,NaN,NaN,NaN,NaN,NaN,NaN,NaN,NaN,NaN,NaN,NaN,NaN,NaN,NaN,NaN,NaN,NaN,NaN,NaN,NaN,NaN,NaN,NaN,NaN,NaN,NaN,NaN,NaN,NaN,NaN,NaN,NaN,NaN,NaN,399.06,394.51,397.15,402.86,406.56,409.23,410.43,411.49,412.71,412.09,410.56,406.34,399.76,395.51,396.75,403.57,408.87,411.29
 Jungfraujoch,7.98,46.55,jfj646n1.dat,NaN,NaN,NaN,NaN,NaN,NaN,NaN,NaN,NaN,NaN,NaN,NaN,NaN,NaN,NaN,NaN,NaN,NaN,NaN,NaN,NaN,NaN,NaN,NaN,NaN,NaN,NaN,NaN,NaN,NaN,NaN,NaN,NaN,NaN,NaN,NaN,NaN,NaN,NaN,NaN,NaN,NaN,NaN,NaN,NaN,NaN,NaN,NaN,NaN,NaN,NaN,NaN,NaN,NaN,NaN,NaN,NaN,NaN,NaN,380.09,381.18,384.99,383.25,384.17,381.99,380.33,375.37,373.77,376.52,378.15,383.2,382.87,383.44,385.01,386.33,385.96,NaN,NaN,378.88,376.39,379.0,380.71,382.57,384.19,385.32,386.9,388.99,386.95,386.56,382.53,380.16,377.77,378.5,383.51,387.25,387.53,388.86,388.74,391.0,392.03,388.61,385.66,382.15,380.19,382.05,382.68,385.55,388.77,388.71,393.48,392.8,391.96,390.21,386.83,383.89,382.97,383.17,386.13,388.9,392.18,392.5,394.06,394.05,393.92,392.37,389.06,385.8,384.62,385.46,389.12,393.09,393.78,393.5,396.33,396.42,394.9,393.12,391.9,386.58,386.43,386.88,388.85,392.04,393.76,395.87,396.96,396.76,398.08,395.91,394.0,389.86,388.71,389.55,392.85,395.87,397.43,398.67,401.65,401.14,401.45,399.36,396.01,391.68,389.84,391.78,395.23,398.89,398.99,401.04,402.42,402.36,401.84,401.6,396.74,394.81,391.27,394.03,397.2,400.2,401.36,402.82,404.19,404.4,404.41,402.93,399.12,397.57,394.77,395.7,399.8,401.41,402.39,405.38,406.95,407.77,407.44,405.45,402.84,400.81,398.42,399.78,403.93,406.48,406.43,409.19,409.47,409.82,410.68,409.39,406.67,402.83,401.65,400.58,404.17,407.49,409.96
 Cape Kumukahi (HI),-154.82,19.52,kum519n0.dat,369.68,370.62,372.15,373.08,373.4,372.51,369.52,366.53,366.1,367.24,368.79,370.1,371.82,372.52,372.54,373.89,374.96,373.54,370.75,368.44,367.48,368.58,370.87,372.11,373.27,374.58,375.56,376.49,376.13,374.47,372.53,370.05,368.98,370.86,373.12,375.27,377.2,377.73,377.63,378.51,379.81,379.06,375.79,372.45,372.57,374.48,375.53,376.54,378.1,379.23,379.79,380.78,381.26,380.25,378.68,377.03,375.16,375.36,377.37,377.75,378.39,381.29,383.21,383.5,383.89,382.13,378.98,376.43,375.87,377.01,378.71,380.53,382.48,383.51,384.09,385.42,386.41,385.27,382.56,378.85,377.34,379.12,381.6,382.79,384.19,385.52,385.61,386.48,387.27,385.99,383.36,381.33,381.1,381.78,382.71,384.14,386.17,387.54,388.08,389.69,390.79,388.97,385.97,383.9,382.73,383.11,384.57,386.4,388.1,389.09,389.33,390.19,391.29,389.69,386.6,384.74,383.46,384.42,386.67,388.14,389.54,391.61,392.42,393.16,394.36,392.69,388.82,386.2,386.27,388.51,390.37,390.94,392.59,393.52,393.75,395.47,396.17,393.9,390.77,388.81,387.73,388.73,391.89,393.47,394.02,395.49,396.57,397.53,398.13,396.14,393.1,391.4,390.87,392.18,393.87,394.95,396.5,398.29,399.71,399.79,400.47,399.82,396.14,393.55,392.47,394.1,396.98,397.72,398.64,399.51,400.19,401.73,402.51,401.27,398.05,395.29,395.1,396.5,398.51,400.19,401.69,402.8,403.23,403.93,404.22,402.84,399.72,397.3,397.06,398.67,400.48,402.5,405.66,407.03,406.66,407.56,408.28,406.4,403.27,400.57,399.82,401.5,404.02,405.71,407.68,408.77,408.76,409.24,409.95,409.32,406.49,402.68,401.83,403.77,406.54,408.36
 Plateau Assy,77.88,43.25,kzm243n0.dat,372.69,374.51,373.59,372.21,367.55,362.32,361.34,363.03,366.68,369.82,371.97,373.95,375.21,374.86,375.1,374.56,369.95,365.25,364.46,366.24,369.71,372.9,373.41,373.91,376.41,377.89,378.54,378.12,373.21,367.29,364.1,365.97,370.18,373.08,375.37,378.01,377.99,379.0,383.17,383.93,378.51,372.88,370.52,370.94,373.13,377.94,380.02,378.97,380.98,382.77,384.31,383.59,378.16,372.0,369.1,370.9,373.86,375.29,NaN,NaN,NaN,NaN,384.33,382.8,379.05,373.94,371.43,372.84,375.89,378.46,381.03,383.69,384.76,385.1,386.09,385.15,381.09,376.62,373.19,373.86,378.95,381.29,383.19,385.31,384.79,385.77,387.77,386.11,381.45,378.41,376.37,376.93,381.07,382.96,384.41,386.85,388.41,390.07,391.59,390.7,385.58,380.99,378.92,379.06,382.29,385.59,386.57,388.24,389.91,390.38,390.97,391.63,387.39,381.46,379.59,380.37,NaN,NaN,NaN,NaN,NaN,NaN,NaN,NaN,NaN,NaN,NaN,NaN,NaN,NaN,NaN,NaN,NaN,NaN,NaN,NaN,NaN,NaN,NaN,NaN,NaN,NaN,NaN,NaN,NaN,NaN,NaN,NaN,NaN,NaN,NaN,NaN,NaN,NaN,NaN,NaN,NaN,NaN,NaN,NaN,NaN,NaN,NaN,NaN,NaN,NaN,NaN,NaN,NaN,NaN,NaN,NaN,NaN,NaN,NaN,NaN,NaN,NaN,NaN,NaN,NaN,NaN,NaN,NaN,NaN,NaN,NaN,NaN,NaN,NaN,NaN,NaN,NaN,NaN,NaN,NaN,NaN,NaN,NaN,NaN,NaN,NaN,NaN,NaN,NaN,NaN,NaN,NaN,NaN,NaN,NaN,NaN,NaN,NaN,NaN,NaN
 Lulin,120.87,23.47,lln223n0.dat,NaN,NaN,NaN,NaN,NaN,NaN,NaN,NaN,NaN,NaN,NaN,NaN,NaN,NaN,NaN,NaN,NaN,NaN,NaN,NaN,NaN,NaN,NaN,NaN,NaN,NaN,NaN,NaN,NaN,NaN,NaN,NaN,NaN,NaN,NaN,NaN,NaN,NaN,NaN,NaN,NaN,NaN,NaN,NaN,NaN,NaN,NaN,NaN,NaN,NaN,NaN,NaN,NaN,NaN,NaN,NaN,NaN,NaN,NaN,NaN,NaN,NaN,NaN,NaN,NaN,NaN,NaN,NaN,NaN,NaN,NaN,NaN,NaN,NaN,NaN,NaN,NaN,NaN,NaN,376.87,374.65,375.98,379.4,378.92,378.95,383.02,387.8,387.16,383.84,384.76,380.26,376.9,378.15,374.92,376.09,381.67,384.16,386.17,387.1,386.35,385.18,383.29,379.03,375.95,378.21,379.51,379.76,385.55,386.73,385.2,387.9,389.27,388.59,386.37,384.61,384.96,380.57,376.63,381.43,386.71,387.71,388.4,390.55,391.49,391.51,388.41,382.82,381.71,NaN,NaN,386.1,388.95,390.48,391.89,393.52,394.72,393.12,388.71,388.13,385.22,381.63,384.67,384.84,384.07,388.43,391.73,393.39,393.78,392.65,391.32,389.27,388.11,389.69,391.71,394.07,397.26,397.6,397.18,399.77,401.51,399.53,397.55,397.07,396.03,395.17,394.74,396.42,399.59,400.79,401.28,402.4,403.76,403.47,401.4,398.79,396.58,395.05,395.66,398.5,400.7,402.33,403.99,403.57,404.39,405.94,403.35,399.79,398.48,400.2,403.54,404.65,404.48,405.72,406.98,407.77,409.09,409.61,407.34,403.6,402.77,403.32,403.05,405.34,407.46,407.29,408.12,410.19,411.29,411.13,408.57,405.61,404.35,404.43,405.81,407.88,408.75
 Mex High Altitude Global Climate Observation Center,-97.32,18.98,mex418n0.dat,NaN,NaN,NaN,NaN,NaN,NaN,NaN,NaN,NaN,NaN,NaN,NaN,NaN,NaN,NaN,NaN,NaN,NaN,NaN,NaN,NaN,NaN,NaN,NaN,NaN,NaN,NaN,NaN,NaN,NaN,NaN,NaN,NaN,NaN,NaN,NaN,NaN,NaN,NaN,NaN,NaN,NaN,NaN,NaN,NaN,NaN,NaN,NaN,NaN,NaN,NaN,NaN,NaN,NaN,NaN,NaN,NaN,NaN,NaN,NaN,NaN,NaN,NaN,NaN,NaN,NaN,NaN,NaN,NaN,NaN,NaN,NaN,NaN,NaN,NaN,NaN,NaN,NaN,NaN,NaN,NaN,NaN,NaN,NaN,NaN,NaN,NaN,NaN,NaN,NaN,NaN,NaN,NaN,NaN,NaN,NaN,NaN,NaN,NaN,NaN,NaN,NaN,NaN,NaN,NaN,NaN,NaN,NaN,386.71,387.65,387.6,388.75,391.08,389.17,385.28,383.23,382.16,382.03,384.59,387.16,388.76,389.75,390.45,391.63,392.06,391.36,389.59,387.4,386.24,386.59,388.41,389.51,390.29,391.53,392.29,393.96,395.57,393.78,390.77,387.91,385.88,387.15,389.19,391.17,392.41,393.06,394.1,395.32,396.28,394.92,391.07,388.59,388.98,390.29,391.67,393.72,395.18,395.58,396.5,398.83,400.03,397.36,394.77,393.86,392.48,391.36,393.6,396.44,397.13,397.6,398.38,400.22,401.59,399.62,397.61,396.27,394.13,394.12,396.36,397.6,398.11,399.49,400.96,401.47,402.16,401.61,399.34,397.88,397.08,397.3,398.63,400.55,402.3,402.88,403.9,405.54,406.97,406.46,403.43,400.43,399.23,401.28,404.51,405.16,404.62,405.72,407.29,408.6,409.03,408.17,405.85,403.37,402.4,402.52,403.56,405.49
 Mace Head,-9.9,53.33,mhd653n0.dat,372.79,372.8,373.47,374.6,374.0,371.68,366.6,361.07,361.51,366.83,371.67,373.59,373.97,375.45,376.86,376.21,374.79,372.24,366.75,361.88,362.97,368.15,373.76,378.79,377.54,375.82,377.44,377.94,376.99,374.65,368.25,363.24,365.49,370.15,374.88,380.54,380.02,378.36,380.0,380.89,379.92,376.62,371.83,368.62,369.5,373.41,376.62,378.76,380.12,381.64,382.3,382.23,381.19,378.59,374.38,369.6,369.94,373.86,377.66,380.4,381.28,381.14,382.93,384.74,383.71,380.53,376.63,373.21,373.26,376.86,380.39,383.09,385.93,386.37,386.02,386.71,387.02,384.1,378.35,373.44,374.07,379.08,383.2,385.61,386.8,387.15,387.91,388.25,387.46,384.91,378.87,374.08,375.23,380.45,384.45,387.13,389.5,390.24,390.73,391.4,390.99,387.38,381.63,377.8,377.69,382.05,386.19,388.85,390.22,390.7,391.76,392.55,391.79,388.67,383.06,378.16,379.45,384.5,388.35,389.87,391.06,392.31,393.62,393.87,392.13,389.57,385.38,380.88,382.57,387.29,391.31,393.4,394.2,395.77,396.7,396.27,395.92,393.59,387.77,382.39,383.36,389.11,393.96,396.04,396.03,396.07,397.86,398.9,397.36,394.25,388.42,384.35,386.15,391.24,395.28,397.81,398.72,399.0,400.8,402.07,401.27,398.94,392.92,387.54,389.06,394.27,397.74,400.32,402.06,402.36,403.1,404.04,403.21,399.55,393.38,389.17,390.01,395.47,400.08,402.27,404.0,405.12,405.21,405.2,404.63,401.45,395.96,391.75,393.06,397.33,401.3,405.07,407.03,407.29,408.18,408.71,406.98,403.18,398.4,394.17,397.19,403.55,405.55,407.49,409.89,410.37,411.18,410.83,409.93,408.34,401.95,396.48,397.5,403.35,407.82,409.53
 Sand Island,-177.37,28.22,mid528n0.dat,370.35,370.31,370.97,372.27,372.36,370.98,368.84,366.99,365.82,366.94,369.06,370.58,372.35,373.08,373.34,374.75,374.81,372.59,370.29,368.36,366.87,368.5,371.32,372.31,373.24,373.77,374.51,375.99,376.4,375.23,372.76,369.06,368.18,371.15,373.84,375.16,376.78,377.69,377.77,378.66,379.62,378.11,375.67,372.36,370.85,373.26,376.14,377.94,379.59,380.45,380.51,381.41,381.57,379.49,376.82,374.44,372.81,374.21,377.2,378.92,380.73,382.31,382.94,383.53,383.84,382.09,379.28,376.59,375.1,377.31,379.49,381.0,383.46,384.35,384.69,385.81,385.66,383.98,381.68,378.38,376.79,379.7,381.93,383.79,385.89,385.81,385.94,387.06,386.78,384.59,381.85,379.35,378.69,380.75,383.61,385.37,386.95,388.35,388.96,389.74,389.82,387.73,384.89,381.96,380.75,382.56,385.61,387.84,389.25,389.45,389.52,390.87,391.44,388.96,385.76,382.34,380.88,384.7,388.56,389.54,391.43,392.77,393.45,395.14,395.3,392.75,388.82,385.81,385.41,387.82,390.09,392.18,393.82,394.26,394.91,395.68,395.67,394.03,390.36,386.13,385.28,389.13,391.7,392.78,395.41,397.46,397.4,396.97,396.9,395.38,392.77,389.66,389.09,391.83,393.85,395.67,397.54,397.79,398.8,400.76,400.63,398.38,395.64,392.53,391.14,393.74,396.76,398.3,400.49,401.68,401.68,402.12,402.45,400.88,398.45,395.23,393.26,395.6,399.1,401.02,402.48,403.39,404.2,404.85,404.73,402.97,399.48,396.31,395.62,398.32,401.87,403.93,405.46,407.23,408.35,408.46,407.65,405.85,402.33,398.93,398.89,401.83,404.9,406.73,407.54,408.97,410.03,410.61,410.45,408.23,405.93,403.05,401.43,403.63,406.29,409.69
 Mauna Loa (HI),-155.58,19.53,mlo519n1.dat,369.27,369.6,370.59,371.8,371.59,371.7,369.91,368.23,367.01,367.03,368.37,369.69,370.59,371.52,372.42,373.35,373.85,373.17,371.54,369.49,368.19,368.45,369.79,371.23,372.5,373.2,374.07,375.02,375.76,375.54,374.09,371.85,370.73,370.55,372.24,373.79,374.88,375.63,376.44,377.73,378.59,378.24,376.68,374.55,373.14,373.14,374.76,375.93,376.99,377.88,378.9,380.36,380.62,379.77,377.42,376.24,374.31,374.48,376.17,377.5,378.46,379.75,380.82,382.29,382.45,382.23,380.71,378.78,376.68,376.82,378.38,380.09,381.42,382.21,382.68,384.68,385.03,384.05,382.45,380.38,378.82,379.12,380.13,381.78,382.9,383.87,384.54,386.5,386.56,386.14,384.57,382.05,380.92,381.13,382.45,383.98,385.52,385.8,386.05,387.17,388.54,387.88,385.64,384.11,383.19,382.93,384.2,385.53,386.93,387.49,388.82,389.54,390.14,389.5,388.03,386.13,384.73,384.44,386.02,387.38,388.71,390.19,391.18,392.46,393.0,392.17,390.21,388.36,386.84,387.24,388.65,389.79,391.33,391.86,392.58,393.23,394.19,393.7,392.52,390.19,389.04,389.0,390.29,391.84,393.12,393.87,394.39,396.19,396.74,395.73,394.38,392.36,391.11,391.05,393.0,394.34,395.57,396.8,397.44,398.38,399.78,398.65,397.26,395.2,393.47,393.7,395.16,396.83,397.85,398.0,399.75,401.36,401.77,401.26,399.2,397.01,395.34,396.0,397.25,398.93,399.98,400.28,401.57,403.31,403.95,402.8,401.27,398.89,397.63,398.3,400.18,401.86,402.58,404.15,404.87,407.47,407.73,406.84,404.34,402.29,401.05,401.59,403.56,404.47,406.13,406.45,407.26,409.06,409.68,408.89,407.1,405.09,403.39,403.62,405.05,406.81
 Minamitorishima,153.98,24.28,mnm224n0.dat,370.88,372.31,373.13,372.62,372.61,371.76,369.45,368.02,366.7,367.2,368.74,371.63,372.67,373.57,374.55,374.44,374.48,373.42,370.25,368.85,368.03,368.84,370.68,373.06,374.56,375.34,375.59,376.8,376.36,375.37,372.75,371.8,370.03,371.15,373.29,375.05,376.85,378.14,379.21,379.3,379.28,378.48,376.46,373.98,372.56,373.52,376.19,377.24,379.56,381.04,380.61,380.78,381.92,379.68,376.74,375.85,373.35,375.02,376.54,379.55,380.84,381.8,382.95,383.6,383.44,382.58,380.59,378.11,376.63,377.38,379.97,381.86,384.11,384.03,385.03,385.79,386.1,384.65,382.26,380.1,NaN,NaN,382.73,383.04,385.31,386.76,387.36,387.45,387.56,385.94,384.28,382.0,380.69,381.58,382.82,385.04,387.49,389.03,389.34,389.78,388.99,388.31,385.05,384.37,381.97,382.87,384.99,386.49,388.78,389.56,390.83,390.28,391.31,388.76,387.04,385.86,384.23,384.45,386.27,388.59,391.03,391.6,391.6,393.34,394.2,392.3,389.85,387.84,386.3,387.33,389.52,391.56,394.48,394.29,395.81,396.4,395.11,394.34,391.79,390.03,388.39,389.09,391.83,392.22,395.7,396.36,397.16,398.18,397.79,395.73,393.98,391.41,389.96,391.75,394.95,396.61,398.17,398.66,398.43,400.5,400.52,399.28,397.26,394.87,392.89,394.24,396.77,398.84,400.56,400.87,401.72,402.69,402.77,401.09,397.99,396.29,395.26,396.13,398.07,400.6,402.5,403.4,403.21,403.67,404.41,403.21,400.53,397.97,395.49,398.99,400.66,403.71,404.88,405.29,407.13,407.55,407.74,406.83,405.02,402.44,400.32,401.93,403.58,406.54,408.85,409.34,411.13,410.39,410.88,408.8,407.09,404.78,402.81,403.77,406.66,407.33
 Gobabeb,15.03,-23.57,nmb123s0.dat,366.85,366.37,367.16,368.26,367.49,367.25,NaN,NaN,NaN,NaN,NaN,368.2,367.86,367.66,NaN,NaN,NaN,NaN,NaN,NaN,NaN,NaN,NaN,NaN,NaN,NaN,NaN,NaN,NaN,NaN,NaN,NaN,NaN,NaN,NaN,NaN,NaN,NaN,NaN,NaN,NaN,NaN,NaN,NaN,NaN,NaN,NaN,NaN,NaN,NaN,NaN,NaN,NaN,NaN,NaN,NaN,NaN,NaN,NaN,NaN,NaN,NaN,NaN,NaN,NaN,NaN,NaN,NaN,NaN,NaN,NaN,NaN,NaN,NaN,NaN,NaN,NaN,NaN,NaN,NaN,NaN,NaN,NaN,NaN,380.67,380.29,380.51,380.76,380.47,381.77,383.16,382.69,383.57,NaN,NaN,382.51,382.47,NaN,NaN,NaN,NaN,384.09,386.09,385.35,384.31,384.15,384.43,384.95,384.17,383.56,383.81,384.15,384.73,385.16,385.87,386.52,386.44,385.8,385.54,385.86,385.52,385.44,385.96,386.3,386.14,387.21,389.13,389.06,387.99,387.89,387.69,387.96,388.03,NaN,NaN,NaN,NaN,NaN,NaN,391.46,390.18,389.72,389.93,389.95,389.61,389.35,389.65,390.81,391.16,391.28,391.98,391.95,391.87,392.08,392.64,392.79,392.41,392.67,393.32,393.71,393.66,394.54,395.45,395.23,395.4,395.19,394.93,394.96,394.53,394.55,395.15,395.25,395.08,396.07,397.46,397.42,396.54,396.4,396.79,396.86,396.54,396.39,396.78,397.59,398.03,398.06,398.19,398.98,399.22,398.72,398.46,399.83,400.85,400.09,400.08,400.67,401.44,402.57,402.93,403.22,403.07,402.36,402.42,402.36,401.89,401.27,400.89,400.51,400.54,403.24,405.19,405.08,405.11,404.77,404.6,404.52
 Ochsenkopf,11.82,50.03,oxk650n0.dat,NaN,NaN,NaN,NaN,NaN,NaN,NaN,NaN,NaN,NaN,NaN,NaN,NaN,NaN,NaN,NaN,NaN,NaN,NaN,NaN,NaN,NaN,NaN,NaN,NaN,NaN,NaN,NaN,NaN,NaN,NaN,NaN,NaN,NaN,NaN,NaN,NaN,NaN,NaN,NaN,NaN,NaN,NaN,NaN,NaN,NaN,NaN,NaN,NaN,NaN,NaN,NaN,NaN,NaN,NaN,NaN,NaN,NaN,NaN,NaN,NaN,NaN,NaN,NaN,NaN,NaN,NaN,NaN,NaN,NaN,NaN,NaN,NaN,NaN,NaN,NaN,NaN,NaN,383.48,376.65,377.33,382.3,388.4,393.44,395.19,394.24,389.69,384.78,383.01,382.98,384.48,381.22,384.31,395.73,392.64,388.83,398.48,403.71,401.2,394.41,386.78,383.48,NaN,NaN,NaN,385.22,394.07,396.35,393.29,397.1,398.66,393.51,387.63,384.53,384.1,383.12,386.17,392.64,394.37,394.26,396.73,400.27,398.86,395.06,391.29,385.83,383.87,383.02,385.22,395.23,400.17,398.93,398.59,399.45,398.97,394.63,392.91,392.42,387.45,382.86,385.3,391.87,395.29,398.23,399.27,399.09,400.14,399.67,395.11,391.27,386.5,383.92,389.41,394.77,399.55,402.24,403.35,406.0,406.66,403.58,398.48,391.85,388.56,388.56,393.55,401.25,400.74,400.95,405.32,407.66,406.73,402.9,397.53,399.23,399.46,392.02,393.03,400.73,406.0,406.83,407.56,410.03,408.4,405.07,400.28,397.52,397.02,392.53,394.46,402.34,407.18,409.99,410.21,411.09,411.33,408.6,406.35,403.62,399.88,396.27,397.96,408.37,412.3,411.08,416.13,416.92,414.52,414.7,410.18,403.13,402.08,400.06,402.1,409.36,413.47,414.05
 Pallas,24.12,67.97,pal667n1.dat,375.79,376.95,376.11,376.86,373.87,369.8,362.51,359.89,364.09,375.06,380.42,378.58,379.58,378.94,378.72,378.06,376.4,369.09,365.02,362.89,367.79,370.98,375.81,377.89,377.6,380.42,379.23,379.08,376.56,370.04,366.45,365.38,367.2,371.92,377.21,379.3,380.23,382.71,382.08,382.93,380.16,376.45,370.02,366.1,370.52,376.56,383.98,382.38,387.1,384.9,385.39,384.59,381.76,378.54,369.38,368.38,374.02,377.38,381.2,383.96,387.51,386.64,385.48,386.29,384.8,378.42,372.0,371.56,374.75,380.0,386.3,388.35,388.97,389.87,388.56,389.87,386.26,382.66,376.4,372.93,378.31,382.35,389.8,390.14,390.1,391.57,391.09,389.76,388.23,383.47,376.43,377.19,376.95,386.18,389.51,392.34,393.79,392.53,394.89,393.36,391.23,386.61,378.91,376.84,379.39,385.17,390.51,394.65,395.23,395.65,395.76,394.1,391.69,387.71,379.18,377.98,381.25,386.85,397.61,396.06,396.42,399.02,395.95,396.91,393.14,389.41,383.66,380.87,386.2,391.48,393.82,397.37,399.1,401.17,398.36,398.54,396.59,388.46,383.81,382.26,388.4,388.51,397.34,400.16,404.79,402.98,400.29,400.59,398.5,393.67,386.3,383.27,389.56,395.55,401.41,405.72,402.88,403.14,402.77,403.46,400.08,392.91,391.15,388.81,393.52,397.18,400.58,403.66,405.96,409.08,406.28,404.65,404.01,398.6,390.52,389.42,391.48,398.34,403.46,405.18,407.79,406.72,407.84,407.51,404.83,400.91,392.83,390.69,398.48,399.72,408.44,408.32,411.45,412.21,410.72,410.13,406.6,402.45,394.64,394.77,401.37,405.94,411.15,410.42,413.07,413.54,414.05,413.89,412.85,407.34,397.73,396.2,401.82,409.89,412.71,414.29
 Plateau Rosa,7.7,45.93,prs645n0.dat,370.32599999999996,371.26199999999994,372.36199999999997,373.228,370.63,368.926,364.22900000000004,363.30300000000005,365.759,367.097,369.91,370.561,373.046,372.601,373.954,374.865,373.265,371.18800000000016,365.657,364.034,365.50699999999995,368.279,374.908,373.11800000000005,374.219,374.79400000000004,376.274,376.838,376.145,373.583,369.705,367.535,368.912,371.561,374.083,375.531,376.664,377.691,378.56199999999995,380.291,378.44800000000004,NaN,372.23,372.847,371.642,374.528,375.51199999999994,378.45099999999996,379.05300000000005,380.37199999999996,381.57300000000004,382.19300000000004,381.48900000000003,NaN,NaN,373.728,371.724,373.486,377.82,378.851,380.35699999999997,382.897,382.74,383.68,381.971,380.48199999999997,375.293,372.838,375.845,378.189,379.12199999999996,382.14,383.786,384.785,385.32300000000004,385.269,384.301,381.51099999999997,377.37800000000004,374.61800000000005,377.043,378.145,380.881,383.59,384.43699999999995,386.10400000000004,388.283,386.792,386.0,380.717,379.92900000000003,378.647,378.765,382.25199999999995,384.155,385.895,387.036,387.776,389.839,390.82300000000004,388.245,386.351,381.716,380.592,380.434,383.59,386.44,387.775,389.1,390.6,393.0,391.5,389.9,386.4,383.1,380.8,381.9,385.0,387.2,389.9,391.50699999999995,392.904,393.35,393.68199999999996,392.466,387.67199999999997,384.531,383.57800000000003,385.686,388.335,391.139,392.884,393.077,394.52,395.79699999999997,395.156,392.843,391.86699999999996,386.397,386.96,387.412,389.662,392.17699999999996,394.19300000000004,394.56,396.28,396.43,398.02,396.21,395.26,389.24,388.25,388.74,NaN,394.33,396.79,398.8,400.9,401.0,401.1,399.1,396.8,389.7,388.9,391.3,395.0,398.2,398.1,400.0,401.8,402.0,402.0,400.9,397.6,393.9,390.7,393.0,396.5,398.6,400.6,402.228,403.09,403.569,404.046,402.345,NaN,396.88199999999995,393.961,395.06699999999995,399.272,402.00800000000004,403.45099999999996,406.2,406.9,407.7,407.1,405.2,402.1,400.0,397.9,399.4,403.0,405.2,406.0,408.4,408.8,409.5,410.4,409.1,407.0,402.1,399.6,400.0,405.1,406.6,408.9
 Point Arena (CA),-123.73,38.95,pta438n0.dat,377.4,NaN,NaN,NaN,NaN,372.57,369.12,369.01,371.01,374.37,NaN,NaN,NaN,380.05,377.12,NaN,NaN,NaN,370.6,375.37,376.9,375.42,376.89,379.51,379.97,377.88,378.89,379.31,379.0,377.28,371.39,369.11,372.21,377.98,380.22,380.67,385.97,386.55,382.43,383.98,385.08,379.24,375.2,378.1,379.06,377.82,378.79,381.01,NaN,NaN,381.93,382.85,381.96,379.33,374.5,373.78,378.8,379.78,381.12,385.36,385.31,383.13,384.2,388.66,390.08,385.78,378.62,375.23,379.97,382.35,380.66,NaN,386.14,387.64,387.33,388.34,389.11,389.13,384.81,377.67,381.31,388.02,385.57,386.28,391.62,390.48,390.33,395.69,395.8,387.71,381.9,379.59,382.0,391.04,396.14,394.35,394.39,393.22,393.86,395.71,394.32,391.78,386.51,382.97,384.73,390.44,395.02,395.28,395.95,394.97,394.11,396.18,394.63,388.94,384.27,382.52,383.75,389.19,393.62,396.85,397.89,395.33,395.24,396.57,395.37,393.03,387.4,386.48,392.13,395.97,398.6,398.12,396.32,396.01,397.16,400.9,401.0,NaN,NaN,NaN,NaN,NaN,NaN,NaN,NaN,NaN,NaN,NaN,NaN,NaN,NaN,NaN,NaN,NaN,NaN,NaN,NaN,NaN,NaN,NaN,NaN,NaN,NaN,NaN,NaN,NaN,NaN,NaN,NaN,NaN,NaN,NaN,NaN,NaN,NaN,NaN,NaN,NaN,NaN,NaN,NaN,NaN,NaN,NaN,NaN,NaN,NaN,NaN,NaN,NaN,NaN,NaN,NaN,NaN,NaN,NaN,NaN,NaN,NaN,NaN,NaN,NaN,NaN,NaN,NaN,NaN,NaN,NaN,NaN,NaN,NaN,NaN,NaN,NaN,NaN,NaN
 Puy de Dme,2.97,45.77,puy645n0.dat,NaN,NaN,NaN,NaN,NaN,NaN,NaN,NaN,NaN,NaN,372.209,375.55400000000003,NaN,NaN,NaN,375.543,370.30199999999996,367.48699999999997,364.485,364.57800000000003,364.32199999999995,369.955,374.89,377.459,376.35,377.94599999999997,377.56300000000016,376.269,373.37199999999996,370.103,367.202,367.44599999999997,367.51300000000003,372.546,375.415,380.31199999999995,381.727,379.728,379.461,379.92,375.501,375.152,370.619,NaN,371.915,375.457,379.215,381.173,382.477,384.311,384.904,382.14599999999996,378.648,376.702,374.476,368.961,370.491,375.81800000000004,381.546,382.847,381.602,394.125,385.856,383.769,379.983,377.30699999999996,NaN,371.15,375.579,379.459,385.85900000000004,388.36699999999996,389.505,389.079,388.815,385.25,382.789,378.704,378.04699999999997,374.091,377.19800000000004,380.523,384.075,385.70599999999996,387.85900000000004,388.102,389.03,384.514,383.355,379.44699999999995,376.876,375.655,377.07599999999996,386.81300000000016,390.004,389.721,389.825,390.449,391.369,391.17400000000004,385.707,383.46,379.67800000000005,376.44599999999997,379.092,384.74800000000016,391.17400000000004,392.975,393.056,394.51,393.561,392.523,387.714,382.466,381.474,375.32300000000004,382.77,386.355,390.31,395.23199999999997,NaN,396.211,399.305,396.957,393.38,387.853,385.101,382.892,383.491,390.60900000000004,395.778,396.584,NaN,NaN,NaN,NaN,NaN,NaN,NaN,NaN,NaN,NaN,NaN,NaN,NaN,NaN,NaN,NaN,NaN,NaN,NaN,NaN,NaN,NaN,NaN,NaN,NaN,NaN,NaN,NaN,NaN,NaN,NaN,NaN,NaN,NaN,NaN,NaN,NaN,NaN,NaN,NaN,NaN,NaN,NaN,NaN,NaN,NaN,NaN,NaN,NaN,NaN,NaN,NaN,NaN,NaN,NaN,NaN,NaN,NaN,NaN,NaN,NaN,NaN,NaN,NaN,NaN,NaN,NaN,NaN,NaN,NaN,NaN,NaN,NaN,NaN,NaN,NaN,NaN,NaN,NaN,NaN,NaN,NaN,NaN,NaN
 Ragged Point,-59.43,13.17,rpb413n0.dat,369.39,370.13,370.75,371.83,372.04,370.57,367.99,366.06,365.64,366.48,368.37,370.2,371.56,372.7,373.38,373.6,373.92,373.12,370.47,368.33,367.57,368.09,370.15,372.25,373.01,373.8,375.06,375.88,376.18,375.03,372.49,370.22,368.92,369.96,371.97,373.93,375.24,375.98,376.95,378.16,378.81,378.03,375.6,373.03,371.74,372.68,374.96,376.36,377.24,378.49,379.39,380.17,380.62,379.64,377.7,374.57,372.88,373.96,376.02,377.9,379.7,380.81,381.39,382.13,382.49,381.39,379.39,377.19,375.46,375.91,378.43,380.36,381.76,382.74,383.37,384.25,384.88,383.94,381.3,378.98,378.06,378.96,380.7,382.32,383.55,384.5,385.87,386.43,386.3,385.57,382.95,380.25,379.61,380.55,382.08,384.04,385.68,387.07,388.26,388.74,NaN,NaN,NaN,382.62,381.89,382.79,384.37,386.25,387.46,388.15,388.79,389.77,390.53,389.74,387.13,384.35,383.37,383.9,385.74,387.78,389.51,390.85,391.74,392.54,392.81,391.65,389.39,387.2,386.95,387.43,388.64,390.32,391.66,392.54,393.21,394.48,395.12,393.82,391.68,389.52,388.02,388.27,390.03,391.58,393.12,394.4,395.34,396.1,396.57,395.79,393.07,390.88,390.18,390.8,392.75,394.67,395.96,397.03,398.13,399.01,399.61,398.87,396.07,393.35,392.19,393.01,395.03,397.3,398.6,399.0,399.49,400.99,401.75,400.63,397.92,395.23,394.3,395.09,397.3,399.16,400.21,401.21,402.14,403.17,403.7,402.61,400.27,397.54,396.54,397.69,399.79,401.55,403.29,404.69,405.53,406.55,407.04,406.01,403.45,400.55,399.51,400.66,403.12,405.27,406.52,407.22,408.19,409.29,409.78,408.42,405.14,402.8,402.3,402.94,404.92,407.12
 Ryori,141.82,39.03,ryo239n0.dat,373.92,375.73,376.84,378.0,375.36,369.48,369.77,364.92,367.3,371.49,374.4,376.21,376.43,377.93,378.98,378.98,377.09,370.51,366.62,363.72,367.68,372.24,375.69,376.71,378.29,380.26,380.51,380.75,378.17,371.55,371.77,368.74,369.31,376.08,377.75,379.02,380.42,381.57,382.48,384.38,383.02,377.51,372.08,370.05,372.81,378.35,380.35,382.39,382.85,384.96,385.24,385.68,385.37,378.61,374.6,370.23,373.89,378.29,382.2,383.53,384.9,385.04,386.98,388.14,386.45,381.49,374.74,375.22,377.03,380.67,384.58,385.85,387.44,388.38,389.28,390.16,390.22,384.67,377.63,378.73,378.93,384.0,387.11,388.39,388.91,390.48,391.43,391.25,390.15,385.54,378.0,378.87,381.7,384.65,388.75,390.0,390.89,392.3,393.96,394.44,391.92,388.13,381.04,377.64,382.26,387.39,390.05,392.15,392.53,393.77,394.18,395.54,393.2,388.19,384.89,379.73,382.17,388.91,391.35,393.31,394.15,395.63,396.67,396.91,397.65,390.81,392.45,386.81,387.61,392.06,395.06,396.83,397.05,399.31,399.34,NaN,398.35,393.77,388.04,385.46,388.75,393.12,396.83,398.02,399.03,399.99,401.24,402.22,400.27,394.24,392.56,389.69,391.08,396.29,399.34,400.82,401.45,403.67,404.1,404.85,402.89,397.69,391.46,392.48,392.71,398.08,402.66,402.89,405.28,405.59,406.24,407.04,405.35,399.8,392.64,391.19,393.1,400.44,402.87,405.66,406.22,406.57,408.64,408.81,407.1,401.23,396.28,394.08,395.67,402.94,404.99,407.79,409.38,410.52,411.81,412.02,409.84,403.99,399.36,400.45,401.06,406.98,409.43,411.93,412.78,412.81,414.32,415.43,414.07,406.74,400.5,398.63,401.13,408.38,412.42,413.78
 Samoa (Cape Matatula),-170.57,-14.25,smo514s0.dat,368.46,368.26,368.62,368.14,367.61,367.49,368.31,368.54,368.41,369.05,369.44,369.21,369.5,369.86,370.01,369.32,368.73,369.87,370.28,369.98,369.81,369.93,370.23,370.56,371.01,371.52,372.79,372.08,371.14,371.26,372.0,372.13,372.04,372.3,372.99,373.14,373.79,373.34,374.33,373.88,373.51,373.36,374.13,374.48,374.24,374.38,374.68,375.21,375.32,375.92,376.22,375.98,375.52,375.99,376.2,376.5,375.96,376.02,376.39,376.89,377.52,376.84,377.92,377.77,377.18,378.0,378.06,378.31,378.22,378.35,378.82,379.29,379.93,380.77,379.82,379.72,379.93,379.52,379.89,379.62,379.67,379.71,380.28,380.76,380.91,382.01,382.18,381.97,382.16,381.91,382.16,382.02,381.92,382.19,382.67,382.99,383.8,383.67,383.59,383.26,383.84,383.92,383.46,383.62,383.64,383.87,384.31,385.04,385.6,385.4,385.83,385.34,385.08,384.83,385.53,385.55,385.54,385.61,385.92,386.18,386.94,386.51,386.96,387.5,NaN,387.18,387.54,387.66,387.49,387.79,388.3,388.83,389.47,389.24,389.27,NaN,388.68,388.84,389.35,389.7,389.78,389.91,390.34,390.67,390.97,391.74,391.6,391.37,390.9,391.06,391.17,391.55,391.42,391.85,392.63,393.12,393.74,393.89,394.21,394.03,393.87,393.98,394.31,394.56,394.35,394.46,394.78,395.38,396.36,396.24,396.06,395.33,395.31,395.69,396.52,396.36,396.04,396.3,396.72,396.95,398.29,398.22,398.4,397.97,397.39,397.71,397.94,398.36,398.49,398.65,399.24,400.08,400.51,400.67,401.4,401.41,401.63,401.39,402.02,402.34,402.2,402.17,402.59,403.27,403.75,404.6,403.8,403.84,403.32,403.02,403.95,403.65,403.87,404.15,404.73,405.41
 Ocean Station M,2.0,66.0,stm666n0.dat,373.18,373.87,374.68,374.28,373.7,371.78,365.89,360.78,363.4,369.3,373.14,374.97,376.33,376.66,376.59,376.73,375.86,372.67,366.99,361.62,363.24,368.55,372.44,374.68,376.38,377.54,377.86,377.43,376.2,373.45,368.59,363.66,364.93,370.71,375.76,378.32,378.95,379.42,380.63,381.48,380.4,377.32,371.97,367.29,368.82,375.46,379.82,380.51,381.14,381.83,383.02,383.61,382.3,380.16,374.31,368.39,370.04,375.31,378.99,381.86,382.52,382.74,384.18,384.98,384.42,381.31,375.32,370.62,371.66,377.72,381.41,NaN,385.12,386.93,387.68,387.47,386.76,384.28,378.67,373.69,374.79,379.33,384.33,387.55,387.71,387.67,388.74,389.08,388.13,384.24,377.97,373.68,375.3,380.38,385.93,388.81,389.99,390.84,391.82,392.0,390.58,387.83,381.66,376.64,377.57,381.76,387.11,390.29,391.17,392.04,392.78,392.79,392.17,389.19,382.2,377.26,378.31,384.79,390.0,NaN,NaN,NaN,NaN,NaN,NaN,NaN,NaN,NaN,NaN,NaN,NaN,NaN,NaN,NaN,NaN,NaN,NaN,NaN,NaN,NaN,NaN,NaN,NaN,NaN,NaN,NaN,NaN,NaN,NaN,NaN,NaN,NaN,NaN,NaN,NaN,NaN,NaN,NaN,NaN,NaN,NaN,NaN,NaN,NaN,NaN,NaN,NaN,NaN,NaN,NaN,NaN,NaN,NaN,NaN,NaN,NaN,NaN,NaN,NaN,NaN,NaN,NaN,NaN,NaN,NaN,NaN,NaN,NaN,NaN,NaN,NaN,NaN,NaN,NaN,NaN,NaN,NaN,NaN,NaN,NaN,NaN,NaN,NaN,NaN,NaN,NaN,NaN,NaN,NaN,NaN,NaN,NaN,NaN,NaN,NaN,NaN
 Trinidad Head (CA),-124.15,41.05,thd441n0.dat,NaN,NaN,NaN,NaN,NaN,NaN,NaN,NaN,NaN,NaN,NaN,NaN,NaN,NaN,NaN,NaN,NaN,NaN,NaN,NaN,NaN,NaN,NaN,NaN,NaN,NaN,NaN,379.26,379.28,379.98,374.82,370.64,374.55,377.58,NaN,NaN,NaN,NaN,NaN,NaN,NaN,NaN,NaN,NaN,374.62,380.03,380.49,381.08,383.49,382.47,383.66,385.02,383.03,380.08,376.7,373.99,375.09,385.74,392.36,385.95,384.42,386.36,383.52,383.48,387.08,385.22,379.53,374.27,379.55,387.42,387.04,386.03,387.33,388.59,387.09,387.63,388.87,387.5,383.93,380.23,381.23,386.12,387.46,386.37,389.07,391.69,389.99,389.48,391.07,389.81,384.35,380.79,383.1,385.4,388.51,390.56,390.33,391.53,394.04,396.04,394.37,391.09,388.34,383.95,381.84,383.52,386.69,390.71,393.01,392.22,392.61,393.66,393.06,390.31,385.96,383.33,385.2,390.77,392.08,392.16,394.6,394.98,394.75,395.96,395.6,393.64,388.69,386.38,390.38,395.12,396.34,395.91,398.45,398.72,397.02,399.24,400.16,395.13,388.23,386.71,391.11,396.68,398.83,400.45,401.87,398.99,398.4,400.15,399.01,395.48,392.75,392.87,393.37,394.26,396.78,399.37,401.15,401.69,401.29,401.0,401.6,399.51,393.55,390.62,392.22,395.8,401.89,406.97,405.29,401.74,402.38,403.65,403.21,400.19,396.34,393.81,398.65,403.45,401.55,402.4,405.61,405.33,404.56,404.86,405.33,402.87,397.36,394.08,396.13,401.51,403.33,404.05,405.87,406.8,407.59,408.14,407.89,406.07,399.95,397.09,402.1,405.19,406.04,408.81,409.86,409.28,409.65,410.94,410.67,NaN,NaN,NaN,NaN,NaN,NaN,NaN
 Ushuaia,-68.32,-54.85,ush354s0.dat,366.15,366.01,366.04,366.32,366.57,366.98,367.61,367.94,367.74,367.47,367.12,366.71,366.65,366.92,367.3,NaN,NaN,NaN,NaN,NaN,NaN,NaN,NaN,NaN,NaN,NaN,NaN,NaN,NaN,370.74,371.74,372.03,371.85,371.8,371.15,370.55,370.82,371.11,371.4,372.13,372.63,373.04,373.63,373.96,374.0,373.83,373.54,373.35,373.35,373.23,373.35,374.02,NaN,NaN,NaN,376.04,376.06,375.7,375.22,374.89,374.83,375.05,375.56,376.1,376.52,NaN,NaN,NaN,377.88,377.57,377.44,377.23,376.56,376.7,377.73,378.05,378.39,379.03,379.41,379.59,379.74,379.8,379.15,378.58,379.04,379.32,379.54,380.11,380.7,381.3,381.98,382.05,381.72,381.71,381.38,381.08,381.56,382.45,382.76,382.58,382.45,383.26,384.23,383.88,383.74,383.75,383.26,382.93,382.91,383.25,383.51,383.85,384.26,384.47,384.9,385.1,385.44,385.56,384.99,384.54,384.1,383.75,384.49,385.28,385.69,386.48,387.07,387.28,387.26,387.02,386.91,386.66,386.07,386.06,386.79,387.36,387.84,388.44,NaN,NaN,NaN,NaN,NaN,NaN,NaN,NaN,NaN,NaN,NaN,NaN,NaN,NaN,NaN,NaN,NaN,NaN,NaN,NaN,NaN,NaN,NaN,NaN,NaN,NaN,NaN,NaN,NaN,NaN,NaN,NaN,NaN,NaN,NaN,NaN,NaN,NaN,NaN,NaN,NaN,NaN,NaN,NaN,NaN,NaN,NaN,NaN,NaN,NaN,NaN,NaN,NaN,NaN,NaN,NaN,NaN,NaN,NaN,401.19,401.46,401.33,401.27,401.09,400.75,400.48,399.96,399.86,400.6,401.45,402.05,402.62,403.07,403.41,403.6,403.31,402.8,402.62
 Wendover (UT),-113.72,39.9,uta439n0.dat,372.53,373.95,373.94,372.79,371.83,371.17,370.67,367.4,365.01,367.98,373.06,375.55,376.01,375.61,374.96,374.88,373.44,369.38,367.99,368.48,367.56,368.17,372.12,376.48,377.41,377.66,377.22,376.05,373.98,372.55,373.28,371.23,370.52,374.22,376.35,377.35,378.44,378.71,379.01,379.29,377.98,376.56,376.26,375.09,373.17,374.26,377.91,379.76,381.45,382.75,381.89,380.07,380.88,381.38,377.74,373.82,374.21,378.37,381.24,382.22,383.0,383.33,383.77,383.37,381.09,379.56,377.66,374.37,374.74,378.28,381.27,384.44,385.98,386.93,387.46,386.52,383.11,381.68,383.95,381.07,378.95,381.49,383.47,385.99,389.04,389.31,387.86,387.08,384.91,384.48,383.4,379.83,380.04,382.62,386.01,388.93,389.59,389.79,390.38,390.91,388.82,386.66,384.52,378.64,378.32,384.36,388.64,390.07,392.23,393.12,392.05,390.98,388.86,387.05,385.8,383.53,382.33,385.03,389.19,392.98,395.07,394.5,393.66,393.35,391.55,388.31,388.23,387.13,385.28,389.01,392.25,394.91,395.58,395.06,395.87,395.38,393.56,393.64,393.0,390.38,388.04,388.64,393.43,397.21,397.34,397.91,397.51,396.71,395.97,395.08,395.28,393.72,390.71,391.83,395.72,398.45,400.86,401.13,400.49,399.59,397.78,399.45,401.18,398.89,395.21,395.16,398.87,401.92,402.86,402.06,402.36,402.49,400.26,399.28,398.87,396.1,394.71,396.9,400.2,403.0,405.29,404.69,403.7,403.09,401.82,402.42,401.27,398.21,398.36,400.86,403.99,406.74,408.19,408.89,407.72,405.91,406.4,404.14,402.01,402.52,402.02,403.05,405.49,408.57,410.66,410.3,409.54,409.7,408.32,407.92,408.65,406.45,404.0,405.17,409.41,411.5
 Ulaan Uul,111.1,44.45,uum244n0.dat,374.45,373.77,374.61,376.26,374.42,370.72,365.23,360.94,365.33,371.28,373.56,375.41,377.01,377.71,378.42,377.7,375.05,370.78,364.76,360.89,366.39,372.41,373.32,374.78,377.1,377.72,377.98,378.86,377.43,371.58,364.82,365.36,370.08,374.27,377.75,379.13,378.96,379.59,381.04,382.37,381.62,377.16,370.9,369.94,373.46,377.2,379.84,380.55,381.42,382.13,382.58,384.29,382.6,376.57,371.68,370.72,373.09,376.11,379.61,382.89,384.29,384.77,384.14,385.14,384.9,378.59,370.76,370.15,375.91,379.99,382.07,383.38,385.57,387.4,389.14,390.57,388.06,381.08,374.64,373.91,378.63,382.39,385.12,387.28,388.19,388.59,388.99,389.38,388.5,382.03,374.76,376.3,381.95,384.35,385.76,386.97,388.72,389.69,391.24,393.69,390.99,384.59,379.27,378.45,381.46,385.61,388.56,390.48,391.89,392.23,392.94,393.69,389.67,383.84,379.84,379.5,384.06,387.69,390.53,393.97,394.41,395.25,395.73,395.49,395.24,390.66,385.25,384.42,388.88,392.07,393.38,395.84,396.71,397.63,398.87,399.51,396.98,387.78,382.31,384.94,388.36,391.54,394.27,397.12,399.45,399.9,399.74,397.23,391.5,389.59,390.42,392.3,394.92,397.04,400.18,401.4,401.74,401.67,400.97,402.34,403.92,398.92,390.9,389.2,392.89,399.04,402.56,402.79,403.53,404.24,404.09,404.82,401.84,393.7,387.66,391.3,396.25,398.77,401.04,402.15,402.97,404.47,405.36,406.31,407.38,403.12,394.73,391.55,394.25,399.19,403.74,408.34,409.58,409.19,409.63,410.55,408.99,402.18,395.68,395.88,401.63,405.98,408.36,410.57,411.63,412.0,413.41,413.85,409.48,404.05,399.54,396.96,402.77,408.96,411.61,413.34
 Mt. Waliguan,100.9,36.28,wlg236n0.dat,369.84,372.09,374.44,374.42,372.59,370.42,366.46,365.39,368.08,369.57,369.97,371.29,372.65,373.16,374.54,376.25,374.72,371.1,366.23,363.19,367.37,372.79,372.54,372.28,374.2,374.8,375.35,376.99,376.82,371.87,366.04,366.08,370.0,372.04,372.99,374.64,375.89,377.07,378.04,379.19,379.51,375.79,372.11,372.49,374.51,375.59,376.48,378.0,378.69,379.75,382.1,383.44,379.89,374.41,374.5,374.34,374.22,377.74,379.08,380.11,383.44,384.12,383.55,384.6,383.91,380.38,375.66,373.38,376.1,379.42,379.72,380.78,382.61,383.27,385.07,386.9,385.3,381.28,377.68,377.6,379.51,381.0,381.65,383.4,384.78,385.53,387.28,388.91,387.3,385.25,381.47,377.53,380.34,383.1,383.41,385.58,387.42,387.99,389.56,390.82,389.17,384.63,381.13,381.29,383.52,385.26,386.04,386.56,387.44,388.61,390.84,393.02,390.93,385.6,382.87,381.74,383.79,387.19,388.07,388.55,390.15,391.96,393.07,394.29,392.9,388.7,386.6,385.71,387.6,389.39,389.35,391.02,393.05,393.82,395.39,397.1,396.04,390.97,385.74,385.88,389.46,392.28,392.82,394.62,397.73,398.54,397.99,398.15,397.48,393.0,387.68,387.42,391.37,394.59,396.12,397.42,397.25,397.18,399.44,402.84,402.51,397.43,393.33,392.05,393.15,395.63,397.13,398.57,398.77,401.11,404.73,404.0,401.91,398.2,393.1,391.58,394.73,397.93,399.08,399.78,401.59,403.33,404.11,405.05,403.35,398.82,395.8,394.57,397.68,401.24,402.32,403.83,405.17,405.61,407.74,409.65,407.63,401.94,398.46,400.82,402.8,404.57,406.69,407.23,408.12,409.57,410.3,411.73,411.55,407.27,402.32,401.31,403.15,405.28,407.83,409.52
 Sable Island,-60.02,43.93,wsa443n0.dat,NaN,NaN,NaN,NaN,NaN,NaN,NaN,NaN,NaN,NaN,NaN,NaN,NaN,NaN,NaN,NaN,NaN,NaN,NaN,NaN,NaN,NaN,NaN,NaN,NaN,NaN,NaN,NaN,NaN,NaN,NaN,NaN,NaN,NaN,NaN,NaN,NaN,NaN,NaN,NaN,NaN,377.58,373.64,369.66,363.59,376.08,379.87,381.92,382.37,383.07,383.78,382.91,381.9,377.5,375.3,370.87,370.11,375.91,381.49,383.15,384.31,384.13,384.62,385.65,384.23,381.28,376.28,374.22,374.71,379.5,383.97,386.59,386.83,387.15,387.87,387.24,385.7,382.92,380.08,373.97,375.87,381.05,385.57,387.68,389.12,389.2,389.44,388.82,387.85,383.16,380.57,375.45,376.8,384.12,387.75,390.07,391.54,392.39,392.08,392.24,388.72,NaN,NaN,NaN,NaN,NaN,389.53,391.45,392.94,393.57,393.19,393.48,391.86,388.06,383.44,380.22,376.23,385.91,390.65,391.61,395.65,397.16,395.41,395.31,393.36,390.8,384.26,384.15,387.25,389.25,392.2,395.6,397.3,397.88,397.73,397.7,394.66,393.67,387.41,384.11,384.4,394.06,397.13,397.32,399.48,399.29,399.93,398.64,397.66,394.24,387.86,386.95,386.31,393.85,397.44,399.64,401.38,401.82,402.31,401.74,400.5,398.27,395.47,385.43,390.75,396.8,400.29,402.73,403.63,405.37,404.99,404.1,NaN,398.58,393.79,388.6,391.32,397.82,402.07,403.94,405.14,405.97,407.15,NaN,NaN,NaN,NaN,NaN,NaN,NaN,NaN,NaN,NaN,NaN,NaN,NaN,NaN,NaN,NaN,NaN,NaN,NaN,NaN,NaN,NaN,NaN,NaN,412.53,411.1,407.32,404.13,398.23,401.85,406.78,410.77,412.6
 Yonagunijima,123.02,24.47,yon224n0.dat,373.69,373.89,374.6,375.48,374.0,372.09,370.54,368.86,366.34,369.49,371.39,373.63,374.77,375.09,376.57,376.58,376.12,374.11,371.86,368.85,368.06,372.09,373.72,375.49,376.58,377.38,376.95,378.08,377.35,375.03,374.23,373.06,371.21,375.08,375.99,377.23,379.3,379.62,381.2,381.49,382.02,378.31,375.9,375.54,373.76,376.06,377.71,380.47,382.05,381.87,383.47,384.31,381.89,379.37,377.86,376.2,375.74,377.22,379.96,381.87,383.83,385.08,385.17,385.62,385.0,382.35,381.04,379.21,377.2,380.05,382.69,384.62,385.98,387.13,387.3,388.37,386.69,384.89,382.62,380.73,379.52,382.31,385.35,386.23,387.93,387.76,389.3,389.62,388.9,386.81,384.66,382.77,381.12,383.95,385.76,388.44,389.49,390.51,391.07,392.26,390.69,387.5,385.92,384.53,382.78,385.26,387.4,388.42,390.38,391.26,392.15,393.19,390.98,388.23,387.52,385.75,383.23,386.95,389.77,393.1,393.79,394.14,394.67,396.37,395.1,393.01,390.52,388.55,387.96,390.46,392.19,395.12,396.1,397.55,398.21,398.34,396.76,393.77,392.04,390.53,387.7,392.01,393.82,396.09,399.52,399.32,399.47,399.47,399.52,394.88,394.23,392.54,391.78,395.22,399.13,399.37,400.6,401.21,401.93,403.49,401.62,399.27,397.46,395.62,392.46,397.12,400.65,402.23,402.1,403.26,404.82,405.93,405.07,400.7,399.18,397.78,397.07,399.37,400.84,404.91,405.14,406.09,405.86,406.47,405.98,402.98,400.54,400.44,396.68,NaN,404.81,407.48,409.58,409.0,410.28,410.99,408.85,406.64,405.15,401.6,401.28,404.0,408.0,409.53,410.88,411.62,413.69,412.92,411.28,408.65,407.73,405.7,404.54,406.97,408.93,411.2
 Zeppelin Mountain (Ny lesund),11.88,78.9,zep678n0.dat,377.11,376.65,376.5,375.47,375.19,372.93,365.88,360.27,361.26,366.87,371.12,374.2,376.13,376.25,376.39,376.99,377.35,375.01,367.66,361.88,363.12,368.51,374.14,375.96,377.01,378.24,378.41,378.53,377.93,374.78,369.03,363.92,365.08,370.87,378.23,381.15,380.09,380.32,381.46,381.91,381.43,378.88,373.1,367.15,368.0,373.69,378.68,380.92,381.94,382.76,383.52,383.52,382.83,380.77,374.04,368.37,369.05,373.91,378.94,383.1,385.0,384.05,384.31,385.82,385.29,382.35,376.14,370.55,371.11,376.48,381.88,384.52,384.58,385.61,387.26,388.01,387.76,385.14,379.1,373.87,373.89,379.52,385.1,387.81,388.15,388.37,389.17,389.6,388.58,385.77,378.68,372.85,375.26,380.71,385.97,388.85,389.91,391.09,392.51,392.87,392.12,388.98,382.77,377.0,376.97,382.1,387.2,390.08,392.54,393.59,393.68,393.49,393.2,390.78,382.94,376.71,377.77,383.41,389.64,392.42,393.35,394.81,395.65,395.41,394.27,391.91,385.72,380.53,383.11,NaN,NaN,394.54,395.79,396.62,397.3,397.69,397.65,395.28,387.69,380.57,383.04,389.86,394.07,396.93,397.99,399.1,400.02,399.98,399.67,396.43,388.61,383.23,385.64,391.44,396.28,398.78,401.03,401.89,401.7,402.22,401.81,398.78,392.75,387.36,388.46,393.55,399.35,402.25,403.51,404.9,404.73,404.53,404.59,401.42,395.14,389.34,389.52,395.1,400.3,402.49,404.18,405.85,406.54,406.76,406.1,402.99,396.37,391.01,392.04,397.62,403.22,405.65,407.57,409.62,410.15,409.63,408.21,405.19,398.68,393.41,395.39,401.92,406.57,409.47,411.16,412.06,413.2,413.51,412.69,409.68,402.65,396.86,398.34,404.51,408.61,410.78
